,userName,score,date,thumbsUpCount,comment
0,대한민국,5,2021-09-29,0,써봐
1,태상,5,2021-09-29,0,굿
2,안명헌,5,2021-09-29,0,너무너무 쉽네요
3,안산CMK,5,2021-09-29,0,쓰기 편해요
4,심심,5,2021-09-28,0,좋아요
5,김민주,5,2021-09-28,0,좋아요
6,최영민,5,2021-09-27,0,친절합니다
7,김미영,5,2021-09-27,0,유용하고 스마트하네요
8,강미영,5,2021-09-27,0,불편한 건 없네요
9,홍옥숙,2,2021-09-27,0,속도가 너무 느려요 점 세 개 팔딱거리며 시간 끄는데 속 천불 나요 오픈뱅킹 주식거래까지 한 큐에 할 수 있는 건 좋은데 속도 땜에 암 걸릴 듯
10,신원겸,5,2021-09-27,0,편하고 좋습니다
11,이철,5,2021-09-27,0,좋음
12,연예림,2,2021-09-26,0,똥개 훈련인가요 모바일 otp 신청하고 신청 확인하라고 해서 했더니 정보가 맞지 않는다고 안되고 정보 수정하고 했는데도 똑같네요 그래서 그냥 모바일 otp 재발급했는데 이번에는 신분증 인증이 문제를 일으키네요 발급 날짜 이름 주민번호까지 똑같고 흔들림 번짐 반사도 없는데 자꾸 다시 하라고 해요 참고로 저는 갤럭시 10s 5g 쓰고 있어요
13,xiao w,5,2021-09-26,0,좋아요
14,Young Kim,4,2021-09-25,0,굿
15,달빛바람,4,2021-09-25,0,다 괜찮은데 왜 종료 시겠습니까에서 예 누르면 대출상담코너로 넘어가는지 궁금합니다만
16,김빙고,2,2021-09-25,2,몇 달 전 얼굴 인식할 때 화면에 하얀 반투명 필터가 자동으로 깔려있게 업데이트된 뒤로 얼굴 인식이 먹통이에요 마스크를 벗고 인증해도 얼굴 인식이 안 되어서 비밀번호를 쳐서 써야 하네요 차라리 얼굴 인식을 없애고 간편 비밀번호만 남기는 게 편하겠어요 얼굴 인식을 없애고 비밀번호로만 거래하게 설정할 수 없나요
17,DAVID PARK,5,2021-09-25,0,그냥 그냥 쓸만해요
18,정예진,5,2021-09-24,11,안녕하세요 현재 조회만 가능하도록 가입해 쓰기 편하고 좋은 앱인데 딱 하나의 문제점은 계좌이체도 가능하게 가입하려 할 시 4단계에서 신분증 사진이 찍히지 않습니다 학생인지라 여권 촬영으로 대신하고자 하는데 어떻게 된 일인지 가이드에 맞추고 빛 반사 없이 주변을 어둡게 하여 내용이 잘 보임에도 불구하고 촬영 다음으로 넘어가지를 못합니다 해결 방법이 있을까요
19,심선화,5,2021-09-24,0,신규 적금 가입이 엄청 빨리 진행 완료됐어요 간편하고 빨라요
20,박지연,5,2021-09-24,0,편리해요
21,송명일,2,2021-09-24,0,하나은행 얼굴인증 잘 이용하고 있습니다 그런데 사진촬영 이미지도 인증이 넘어가던데 안되어야 되는 거 아닌가요 혹시 다른 것도 인증되는 거 아닌지요
22,Jonggook Kim,5,2021-09-24,0,좋습니다 많이 쓰세요
23,busaeng kim,5,2021-09-24,0,편하네요
24,Marlowe,1,2021-09-24,0,하나은행 하나카드 하나 멤버스 허나원큐페이 하나만 해라 그리고 간편 스마트 이런 말도 빼고 욕하고 싶지 만으로 참는다 영업점 창구 직원 줄였으면 홈페이지 어플 ARS 서비스라도 제대로 해야 하지 않겠니 툭하면 보안 프로그램 깔라고 하고 몇 번을 깔아도 로그인 누르면 다시 프로그램 까는 화면으로 무한 루프 아이디 비번은 맞게 넣어도 틀리다고 해서 전화로 인증번호 받아 재설정 하고 고객이 개돼지로 보이니 아니지 개돼지 면 먹여주지 재워주지 돈을 빼앗지도 않지 너희들만 그런 게 아니라 대한민국 보험금융계들은 다 똑같으니 이래서 보험 증권금융시장을 완전히 개방해야 하는 건 데
25,박박명서,5,2021-09-24,0,은행에서 추천상품 편리해서 좋아요
26,성기찬,2,2021-09-24,0,버그가 너무 많아요 맵이 잘 열리지 않아요
27,Kyonghan Kim,5,2021-09-24,0,간편하고 좋네요 
28,김원호,5,2021-09-24,0,빛이 어둠을 몰아냅니다
29,Chan-Su Shin,2,2021-09-23,0,간편 비밀번호 등록하려고 하면 재시작하라고 해서 다시 로그인하면 같은 작업을 반복하라고 하네요 지문등록도 마찬가지입니다
30,송종호,3,2021-09-23,0,사용하는 게 국민은행보다 늦고 다운이 잘 돼서 불편하네요
31,ᅳᅳ,5,2021-09-23,0,오픈뱅킹 탈퇴 말고요 어플 자체를 탈퇴하려면 어떻게 해야 되나요
32,이상성,4,2021-09-23,0,생체 인식에서 활성화가 다소 늦으나 사용하기 수월함
33,나만고양이없어,2,2021-09-23,0,하나원큐 가입할 때 간편 비밀번호 두 번 입력 후 안 넘어가요
34,킹코더,1,2021-09-23,0,돈 급하게 빼야 되는데 로그인이 안 됩니다
35,김혜림,1,2021-09-23,0,거래 불가
36,이다비,5,2021-09-23,0,쉽고 좋아요
37,보라김,1,2021-09-23,0,아니 꼭 하나은행 계좌를 만들어야 로그인되는 건가요 가뜩이나 기존 통장이 많아서 정리해야 하는 상황인데 꼭 은행 입장에서만 생각해서 한 업데이트네요
38,배형욱,3,2021-09-23,0,IRP 해지가 안되네요 시간대가 있나요
39,김상휘,5,2021-09-22,0,최고예요
40,현세,1,2021-09-22,0,개 쓰레기 앱 신분증 인식 졸라못함 신분증 담당하는 직원 24시간 운영시키든지 신분증 인식도 못 하면서 비대면 계좌개설은 어떻게 함
41,김유미,2,2021-09-22,0,다른 은행 어플보다 로딩도 길고 죄여 하령 너무 버벅대고 답답해 미치겠어요 개선 좀 해주세요
42,채병도,5,2021-09-21,0,좋아요
43,용융융,5,2021-09-21,0,주로 쓰는 은행 어플이에요 편리하고 좋아요
44,sc son,1,2021-09-20,1,앱 종료 시 계속 오류가 뜨면서 정상적으로 종료가 안됩니다
45,홍수민,1,2021-09-19,0,진짜 짜증 난다 왜 앱을 바꿨는지 모르겠네
46,Villiv Villiv,1,2021-09-19,0,앱이 너무 무거움
47,최진일,3,2021-09-19,0,편해요
48,김아현,5,2021-09-18,0,굿
49,원호최,1,2021-09-18,11,어제 초기화 시 켜는데 또 튕기네요 다른 타 은행 앱 들어갔다 나오면 이런 일이 생기네요 문제 많아요 간편 비밀번호는 괜찮은데요 인증서 로그인만 하면 앱 충돌이 심하네요 제대로 된 업데이트를 부탁드립니다 안 그래도 주거래 은행인데 이런 일이 자주 발생하는 거는 너무 심하네요
50,류태환,1,2021-09-18,0,아니 들어가지게나 만 둘어야지 이건 또 뭐 하자는 거여
51,박건우,5,2021-09-17,0,좋아요
52,king best,5,2021-09-17,0,좋아요
53,소이Soyi,5,2021-09-16,0,편리하고 좋아요
54,Key Board,3,2021-09-16,1,사용하다 보면 무한 로딩이 심하게 걸리는 때가 종종 보이네요 저번에도 어떤 부분에서 한번 걸리고 오늘은 로그인할 때 걸리고 반복적으로
55,Dong Joon Lee,5,2021-09-16,0,좋아요
56,마진,5,2021-09-16,0,사용하기 편합니다
57,이무헌,5,2021-09-15,0,좋아요
58,김현욱,4,2021-09-15,0,태블릿에서도 사용 가능하도록 가로모드 기능을 넣어주셨으면 합니다
59,창조,5,2021-09-15,0,아주 좋습니다 즉시 적금통장 개설
60,권명진,5,2021-09-15,0,간편해짐
61,이호빈,5,2021-09-15,0,좋아요 편해요
62,김종철,5,2021-09-15,0,굿
63,chatterbox denny,5,2021-09-15,0,깔끔
64,정제변정제,4,2021-09-15,0,좋아요
65,기정간,4,2021-09-14,0,좋습니다
66,박경미,5,2021-09-14,0,타은행에 비해 메뉴가 용이하고 간편함
67,namju so,1,2021-09-14,0,갑자기 어플 실행 자체가 안돼요
68,보카,1,2021-09-14,9,앱이 왜 이리 불편해졌나요 초기 로그인 시 공동 인증서 한번 선택하면 다음에는 자동으로 되어야 안됩니까 매번 간편 인증 등록 화면이 뜨네요 억지로 등록하라는 거 같은데 안 끌려면 어떻게 해야 됩니까
69,신민호,5,2021-09-14,0,좋네요
70,甫曔,2,2021-09-14,0,갑자기 왜 안 열리네요 업데이트해서인지 열리다 꺼져버림요
71,옥승진,5,2021-09-14,0,편리하고 좋아요
72,신현익,4,2021-09-14,0,빠릅니다
73,김정란,3,2021-09-14,1,며칠 전부터 얼굴인증이 전혀 안되고 있습니다 뭐가 잘못된 걸까요
74,송은하,4,2021-09-13,0,계좌 거래 푸시 알림이 안 와요 계좌 설정 밑 어플 설정 다하고 했습니다만
75,Duke Kim,1,2021-09-13,0,아니 업데이트 후 얼굴인증을 못하는데 이거 왜 그런 거어요
76,만두좋아,5,2021-09-13,0,편해요
77,이선주,5,2021-09-12,0,은행 방문 없이 모바일로 다 처리되어 요즘 같은 시국에 참 유용합니다
78,이중인격자,5,2021-09-11,0,대단히 편하고 좋네요
79,gudk h,1,2021-09-11,0,와 뭐죠 업데이트 후 원시시대 앱인 줄 알았네요 왜 이렇게 불편해요 공인인증서 2개나 뜨는데 타 기관 인증하라도 다시 뜨는 것도 웃기고  이미 예전에 했는데 다른 은행 보지도 못하셨나요 무슨 원시시대 마냥 로그인에 보안카드 인증에 공인인증서 인증에 시스템도 개 후기네요 진짜 한국 돌아가면 하나은행 손 절각
80,곰돌이,1,2021-09-11,0,학생인데 학교에서 만들었는데 이제야 들어가 보니 비번이 잘못 설정되어 있네요 이걸 어떻게 해야 하나요 은행 문제겠죠 문의하는 곳이 없어 여기에 문의합니다
81,LOVE ENGLISH MUSICAL,5,2021-09-11,0,하나카드 사용하다 알게 된 나는 금리도 좋은 하나 저축은행 이용자입니다 축하합니다 당신도 오늘부터 하나저축은행 이용자 은행은 역시 하나저축은행 형님도 이제 하나로 오세요 금리도 좋아요
82,하남규,5,2021-09-11,0,좋아요
83,까꿍,3,2021-09-11,23,다른 로그인 방식은 잘 되는 거 같은데 유독 공동 인증 로그인 누르면 어플이 중단되면서 자꾸 꺼지는데 왜 이러나 요 모든 어플 최신 업데이트도 하고 구글 캐시 데이터 정리 메모리 정리 휴대폰 재부팅 아무리 해도 안됩니다 이거 어플 문제 있는 거 아닙니까 해결 좀 해주세요
84,김개똥,5,2021-09-10,0,좋네요
85,Wan-su Kim,1,2021-09-10,0,별 하나 주는 것도 아깝다 접속 오류가 자꾸 나면 급하게 은행일 처리하는 입장에서는 거래은행 바꾸고 싶게 한다 오늘만 몇 시간째 접속 지연
86,방구뿡,1,2021-09-10,0,추가 이체를 해놓고 잘못 선택했을 경우 그 항목만 삭제가 안됨 전부다 취소해야 됨 아주 불편함
87,Taewon Seo,5,2021-09-10,0,은행권에서 제일 스마트한 거 같아요
88,조남현,5,2021-09-10,0,굿
89,달떵줌니,5,2021-09-10,0,쓰기가 편하고 좋아요
90,Mr. HJ,5,2021-09-10,0,앱이 편리하고 좋네요
91,먛,1,2021-09-10,17,인증서 발급받으려는데 가입이 안되면 어쩌라는 거죠; 오류라고 하길래 어제부터 계속 시도했는데 변하는 게 없네요 간편 비밀번호 설정하라면서 그다음 단계로 넘어가지도 않고 빨리 좀 고쳐주세요
92,조용현,1,2021-09-09,0,로그인이 무슨 모뎀 32k 속도야 겁내느리고 안 들어가짐
93,후라이드반양념반,5,2021-09-09,0,계좌이체 시 받는 분 표기에 자주 쓰는 문구 저장할 수 있는 기능이 생기면 좋겠습니다 이체할 때마다 직접 타자로 수정해야 해서 좀 번거로워요
94,강호인,5,2021-09-09,0,은행 가서 번호표 뽑기 다리질 않아서 좋아요 너무 간편합니다
95,김태규,5,2021-09-09,0,쉽고 간편합니다
96,안준이,5,2021-09-09,0,젛아요
97,한도경,5,2021-09-09,0,사용이 편리해서 좋아요
98,김성호,5,2021-09-08,0,편리합니다
99,kerowyn blue,5,2021-09-08,0,편리하네요
100,a7g2et2 de63,1,2021-09-08,0,아니 오픈뱅킹 왜 이렇게 안돼요
101,박창빈,1,2021-09-08,0,별점 하나 남기니까 리뷰가 사라져있네요 비대면 대출 동의가 ARS도 안되고 어플로만 가능해서 강제로 설치를 해야 한다니 별점 하나 드립니다 하나은행 별점 하나
102,따또다육,5,2021-09-08,0,편리해서 아주 좋아요
103,Carol Chu,2,2021-09-08,0,하나 원류를 앺 다운로드해서 하려 했더니 다운이 안되네요 뭐 때문에 자꾸 설치가 안되는지 답변 부탁드려요
104,어썸,1,2021-09-08,2,왜 계좌이체할 때 지문인식으로 이체 시스템이 없나요 카카오뱅크나 토스같이 다른 은행 업체는 지문인식으로 바로 이체 가능한데 하나은행은 계좌 비밀번호 따로 누르라고 꼭 뜨네요
105,Moonsikll여민 Kim,1,2021-09-07,0,앱 실행하면 튕겨요 실행 안됨 
106,이성주,5,2021-09-07,0,굿
107,Kim Changheon,3,2021-09-07,0,결제하려고 하니 자꾸 멈춥니다
108,Jun An,5,2021-09-06,0,좋음
109,소울메이트,3,2021-09-06,0,잘 되다가 어느 날부터 또 안돼요 입출금 푸시 알림이 계좌 등록을 다시 하고 지웠다 깔아도 안 오는데 방법이 있을까요
110,나짱,5,2021-09-06,0,간편해서 사용하기 좋아요
111,궁금이,5,2021-09-06,0,좋아요
112,SUN MI KWON,1,2021-09-06,0,공동 인증서 재발급해도 보유 중인 인증서 없다고 나오고 pc에서 내보내기 해도 안되고 짜증 나요 pc 폰 재발급 무한 반복해야 해요 별 한 개도 아까워요
113,책을 많이 읽자,5,2021-09-04,0,잘 쓰는 중
114,공군,1,2021-09-04,9,아니 처음 번호하고 쓰고 있는 번호가 동일한 건데 모바일 otp에서는 동일하지 않습니다 이러면 어떡합니까 고객들 놀립니까
115,박장원,1,2021-09-03,0,접속이 너무 느림 성질납니다
116,우유1리터,5,2021-09-03,0,굿
117,JiHye Lee,5,2021-09-03,0,굿
118,mcbanjang 멕반장 Coreano Fiesta,5,2021-09-02,1,답변 주신 내용으로 수정했고요 지금은 아주 잘 사용하고 있습니다 빠른 답변 감사드립니다
119,성이름,4,2021-09-02,0,하나원 큐롯 국민지원금 신청할 수 있나요
120,윤석,5,2021-09-02,12,평소에도 잘 쓰고 있어요 근데 이용 도중에 글자 크기가 커졌는데 어떻게 다시 되돌릴지 모르겠네요 기본 ui들은 그대로인데 이체 기능에서 계좌번호 목록이나 계좌번호 입력란 등이 커졌어요
121,Mw Kim,5,2021-09-01,0,좋아요
122,192 STUDIO,5,2021-09-01,0,아주 잘 돼요
123,김종대,3,2021-09-01,0,약간 좋아지나
124,김옥화,5,2021-09-01,0,간편하고 빠르고 좋지만 요즘 사기 문자가 많이 오기 때문에 약간의 두려움 있음
125,김상수,5,2021-09-01,0,사용하기 편리해 좋습니다
126,김관식,1,2021-09-01,1,업데이트도 제대로 안되고 타임아웃 걸리고 쓰레기 같음
127,박정훈,5,2021-09-01,0,사용 시 편리합니다
128,백정인,1,2021-08-31,1,최악의 모바일 은행 앱 다른 은행 거 보고 연구 좀
129,김창원,4,2021-08-31,0,편해요
130,빠따가약이다,1,2021-08-31,0,아오 뭔 업무 하나 처리하면 렉 걸려서 멈추고 하나 하면 멈추고 이래서 하나원 큐인가
131,마인,1,2021-08-31,0,앱이 자주 열리지 않으면 튕김 재설치만 여러 번임
132,moon feeel Kim,5,2021-08-31,0,좋아요
133,남구자갑,5,2021-08-30,0,사용하기 편해서 좋긴 한데 너무 느려서 기다리기 많이 힘들어요 
134,joonsup lee,4,2021-08-30,0,항목 찾기가 쉽지는 안군요
135,이탁희,5,2021-08-30,0,굿 좋아요 간편하고요
136,이성욱,5,2021-08-30,5,안녕하세요 앱 잘 사용하고 있습니다 하이로 보 화면에 접속하면 자산 차트가 나오는데 얼마 전부터 오류가 발생합니다 Your browser does not support charts라는 오류 문구만 뜨네요 해결 방법이 있는지요
137,WooYeon park,4,2021-08-30,0,앱 30일 업데이트 이후 이체금액 입력할 때 입력 숫자가 안 보입니다 창이 바뀌고 보여서 사용하기 불편합니다
138,정명애,1,2021-08-30,0,이상하네
139,윤승환,5,2021-08-30,0,빠르고 간편해서 좋아요
140,장꽁비,4,2021-08-30,1,휴대폰을 바꾼 뒤 내 자산 연구소가 나오질 않습니다 방법이 없을까요
141,박석준,5,2021-08-30,0,간편하네요
142,Neverquit,5,2021-08-30,0,편해요 
143,한성욱,5,2021-08-30,0,간편하고 쉽습니다
144,간다삐융온다삐융,1,2021-08-29,5,진짜 못 만들었다;; 무슨 메뉴를 들어가면 앱이 멈춰요 수시로 지웠다가 다시 들어가야 하는 점이 너무 불편하네요
145,금선동,4,2021-08-29,0,좋아요
146,아재부산,1,2021-08-29,1,카 드 때문에 소득증빙 인증서 하라고 해서 다운로드했는데 바로 연동이 안되네 좀 하려면 제대로 만들어주세요 어플 삭제한다
147,woo young cha,5,2021-08-29,0,편리하고 좋아요
148,재한이,1,2021-08-29,0,계좌이체가 왜 안 되나요 신한 쏠은 되는데 삭제 완료 조회만 하네
149,김영택,5,2021-08-28,0,서민들을 위한 금융 대출받아서 사업 자금으로 사용하였어 나 코로나로 인해 망해 먹었습니다 죽기 전에 대출받은 돈과 이자하고 다 갚아 드리도록 약속드립니다 심해를 끼쳐 죄송합니다
150,WJ J,2,2021-08-27,1,업데이트되고 사용이 불편해졌어요
151,chu- su,5,2021-08-27,0,좋아요
152,Boram Seo,5,2021-08-27,0,Good
153,Gaia,2,2021-08-27,2,빨리 이체해야 할 상황에 앱이 멈추거나 로딩이 너무 느려요 개선 시급합니다
154,반정원,4,2021-08-27,0,아직 구체적으로 사용해보지는 않았지만 대체적으로 쉬워요
155,Wooin Jun,4,2021-08-27,0,괜찮네요
156,PJIMAN TV,5,2021-08-27,0,좋아요
157,철,1,2021-08-27,0,말씀대로 했는데도 안돼서 다시 올립니다 구글 플레이 캐시 삭제 크롬 업데이트 하나은행 앱 삭제 등 하루 아니면 이틀 간격으로 로그인 화면으로 바꿔서 로그인을 간편 비밀번호로 하려 하는데 간편 비밀번호를 1번 5번 하고 이제 마지막을 하면 로그인이 되잖아요 근데 마지막에서 간편 비밀번호를 눌러도 다음 단계로 안 넘어가요 이러면 두 가지 방법 밖에 안 남는데 아이디로 로그인을 하거나 다시 새롭게 설정해서 하는 방법입니다 그러나 새롭게 설정해봤자 위에 같은 상황이 반복되기 때문에 의미가 없습니다 하나은행 삭제 후 다시 인증 절차와 설정을 해놨습니다 그리고 오늘 로그인 화면으로 또 바꿔서 간편 비밀번호로 인증 후 마지막을 눌렀습니다 다른 점은 멈추지 않고 계속 진행되는 것을 확인했습니다 그래서 기다렸는데 인증은 안되고 고객센터에 문의해보라는 메시지뿐이었습니다 다시 인증을 해보니 예전과 같이 진행되지 않고 그냥 멈추는 과정으로 바꿨습니다 이 앱 왜 이러는 건가요
158,byungju shim,4,2021-08-27,0,굿
159,이한희,5,2021-08-27,0,너무 좋아요
160,Kyeong Rim YOON,1,2021-08-26,2,인증서 복사 안댐 사용자 입장은 전혀 고려치 않음 너무 불편함 인증서 pc로 복사하기 실패
161,TJ Park,5,2021-08-26,0,굿
162,박충일,5,2021-08-26,0,굿
163,이정태,5,2021-08-26,0,빨라서 좋네요
164,sundori barambaram,1,2021-08-26,1,하나저축은행은 무슨 문제인가요 2일째인데
165,현성훈,1,2021-08-26,23,기존 아이디 로그인을 통한 이용자가 지문등록이나 간편 비밀번호를 이용한 로그인을 사용하려고 했는데 그 절차에서 렉이 너무 심합니다 재어 로그인을 요구해서 로그인했는데 그 과정에서 화면이 멈춰요
166,김난희,5,2021-08-26,8,적금 가입할 때는 편한데 적금 여기저기 확인할 때 뒤로 나가면 로딩이 새로 되어서 느리네요 개선되면 좋을듯합니다
167,권후아,5,2021-08-26,0,따봉
168,최낙준,5,2021-08-26,0,좋아요
169,뚜벅이,4,2021-08-26,0,편리해요
170,김대원,5,2021-08-26,0,간편하고 빨라서 좋아요
171,이동주,5,2021-08-26,0,컴맹도 할 수 있는 쉬운 앱
172,이용,5,2021-08-26,0,굿
173,성장하는난파선장,5,2021-08-26,0,좋아요
174,양정원,5,2021-08-26,0,좋아요 편하고요
175,YoonJun Jang,4,2021-08-26,0,편의성 사용성 좋습니다
176,I Han,3,2021-08-26,30,앱 사용하기 좋아요 그런데 같은 계열사인 하나저축은행은 이틀째 시스템 문제로 로그인이 안 되어서 은행거래를 못합니다 그래서 하나원큐에서 하나저축은행 조회도 안 됩니다 불편하네요
177,정은경,3,2021-08-26,0,업데이트 로딩 속도가 느립니다
178,최백균,5,2021-08-26,0,굿
179,유지현,5,2021-08-26,0,편해요
180,이진희,5,2021-08-26,0,사용성 좋아요
181,서성훈,5,2021-08-26,0,굿
182,신형철,1,2021-08-26,0,느리기가 한이 없고 이렇게 느려터진걸 왜 만들어서 사용하라는 건지
183,apollon0366,5,2021-08-26,0,편리해요
184,정현기,5,2021-08-26,0,편리해요
185,Sang Min Bak,5,2021-08-26,0,알아보기 싶고 간편한 진행 좋아요
186,캠린이'횽',5,2021-08-25,0,편하네요
187,ᄒ히힣,3,2021-08-25,0,갑자기 입금이나 출금 알람이 안 울려요  어찌해야 하나요 앱 설정 가서 알림 허용 꺼져있나 확인했는데 허용돼있는데
188,James Kim,5,2021-08-25,0,사용하기 편해요
189,송유경,5,2021-08-25,0,좋아요
190,김민철,5,2021-08-25,0,사용하기 간편하고 좋아요
191,MJ Jeon,5,2021-08-25,1,메뉴가 한눈에 보기 좋고 이용이 편리하고 간단해요
192,이경우,5,2021-08-25,0,만족합니다
193,씅씅,2,2021-08-25,0,알림 설정해도 돈 들어올 때 문자 알림이 안 오네요 일일이 앱 들어가서 확인하는 게 은근 노동입니다
194,Google 사용자,2,2021-08-25,0,로딩 속도가 길고 오늘은 아예 접속이 안 되네요
195,kipo sim,4,2021-08-25,0,잘 쓰고 있어요
196,격일백수,4,2021-08-25,0,좇네
197,장지연,1,2021-08-25,0,아니 뭔 놈에 설치도 안되는 게 있어요 느려터져서 일이 리 전화해서 잔액 하기 싫어서 까라 놓고 빨리 알아보려고 했는데
198,SC K,1,2021-08-25,0,별 한 개도 아깝다 회원가입하려고 하니까 뭔 진행조차 가지도 않은 사진촬영 시간 초과 문구 나오고 xx로 시간 초과 이딴 이 짓거리 4번 당하니까 더 이상 가입할 마음도 없다 살다 살다 고객 입구 컷 시키는 어플은 처음 본다 약 올리는 거냐 내참 더러워서 그냥 평일 중에 고객상담으로 해결할게 고맙다 앱 추가 설치 안 하게 해줘서
199,현은하,1,2021-08-24,1,제가 계속하나 원류 지문인증으로 하고 싶은데 안 된다고 지문인 증 등록하려 해도 안 된다고 문의드렸는데 못 알아듣겠다고 하셔서 전화로도 문의해도 원인들을 파악 못하시더라고요 입출금 알림도 설정돼있는데 오지도 않고 결국엔 제가 고민하다 알아냈습니다 저는 거래내역 조회만 되게 돼 있었고 폰뱅킹 신청 안 해놓은 상태였거든요 이걸 안 했었기 때문에 지문인증 기능을 사용 못 했던 겁니다 제가 굳이 여기 쓰는 이유는 앞으로 저 같은 비슷한 문의 들어올 시폰 뱅킹 가입해야 사용할 수 있다고 안내해주세요
200,Jong Soon Bae,1,2021-08-24,7,지금 계속 접속 에러가 뜨는데 이런 에러가 자주 떠서 급하게 인터넷뱅킹해야 될 때 짜증 나 미치겠어요 도대체 왜 자꾸 뜨는 거죠
201,Peter Lee,5,2021-08-24,0,매우 편리합니다
202,장승필,5,2021-08-24,0,굿
203,김미선,5,2021-08-24,0,좋아요
204,이우주,3,2021-08-24,4,하나은행 친절 지점과 직원은 표창을 불친절 지점과 직원은 시정을 서청주 지점 불친절  청주지점 지웰시티점 율량동 지점 친절
205,거북이라,5,2021-08-23,0,좋아요 굿
206,박영준,1,2021-08-23,0,개명한 사람은 사용이 안 되나요 주민번호는 같은데
207,rucian oh,1,2021-08-23,0,진짜 쓰레기네 공동 인증서 등록도 안되고 지문인식 등록도 안되고 비즈니스 프로세스도 개판
208,이성배,5,2021-08-23,0,good
209,Three J,5,2021-08-23,0,좋아요
210,이종헌,5,2021-08-23,0,굿
211,김건호,5,2021-08-22,0,좋아
212,원보석,1,2021-08-22,0,어플 실행이 안됨
213,지우현,5,2021-08-22,0,굿
214,브이솔라이팅바리솔,5,2021-08-21,0,나이스 
215,yu jin lee,5,2021-08-21,0,Leeyujin
216,현진이,5,2021-08-21,0,‍♂️
217,김동현,3,2021-08-21,1,코로나 시국에 얼굴인식이 작동이 되는 점 해당 인식을 해제 및 변경을 어떻게 해야 하는지 바로바로 인식이 어려운 점 이용하는 유저는 바로바로 송금하고 싶지만 이러한 점들을 확인하고 조작하기에는 시간이 꽤나 소요된다는 점
218,이소연,5,2021-08-21,0,좋아요
219,조도상,5,2021-08-21,0,좋습니다
220,허남일,1,2021-08-20,1,자꾸 충돌 나고 실행이 안돼요
221,sihyun park,5,2021-08-20,0,굿
222,최혜경,5,2021-08-20,0,한눈에 잘 보이게 메어진 창을 만들어서 좋아요
223,임철웅,5,2021-08-20,0,좋아요
224,나이,5,2021-08-20,0,굿
225,김대환,4,2021-08-20,0,좋아요
226,woong c,3,2021-08-20,18,앱 깔끔하고 좋은데 오픈뱅킹 로딩 속도 개선 좀 어떻게 안 되나요 다른 앱에 비해서 너무 늦어서 속 터지네요 아 제발 속도 개선 좀 해주세요
227,그린캣수지냥냥낭독,5,2021-08-20,0,간편
228,채민안,1,2021-08-20,0,업데이트됐는데 왜 계속하래 
229,김창선,5,2021-08-20,0,좋아요
230,Sang Eun Lee,5,2021-08-19,0,좋아요
231,Heang Mi Lee,1,2021-08-19,0,앱 종료 앱 닫기 메시지 출력됨
232,권준서ty,5,2021-08-19,0,좋아요
233,이강진,5,2021-08-19,0,최고예요
234,윤YTG-G6,5,2021-08-19,0,좋아요
235,성이름,1,2021-08-18,1,들어올 땐 마음대로지만 나갈 땐 아닌가요 돈 넣기는 쉬운데 출금하기가 어렵네요 악의적인 게 느껴져서 다시는 하나은행 안 쓸 겁니다 결국 토스로 돈 뺐습니다
236,알럽포드,5,2021-08-18,0,좋아요
237,CALEB [YONGHOON] HWANG,5,2021-08-18,0,사용하기 편해요
238,후조,5,2021-08-18,0,좋아요
239,Jinbong Kim,5,2021-08-17,3,공인인증서 키패드가 화면 좌우 끝까지 안 가서 에지 있는 폰에서 쓰기 편리해요 다른 데서도 이렇게 바꿔줬으면 좋겠습니다
240,김동우,1,2021-08-17,0,별 하나도 아깝네요 접속만 몇 번째인지
241,Planner K,1,2021-08-17,0,1점고 아까움 공인인증서 옮길 려는데 왜 계속 회원가입 시키는지
242,외유내강,5,2021-08-17,0,정말 최고예요 짜릿해요
243,아르시마,5,2021-08-17,1,대출하는데 kb국민은행 어플보다 훨씬 디지털화가 잘 돼있음 칼뱅급은 아니지만 칼뱅보다 신뢰도는 높아서 아주 좋음
244,김태환,5,2021-08-17,0,굿
245,chang lee,5,2021-08-17,0,편리합니다
246,CY J,5,2021-08-17,0,편리합니다
247,김동준,5,2021-08-16,0,다소 어렵지만 은행 지점에서 잘 알려준 덕에 처리했습니다
248,SangWha Chung,1,2021-08-16,1,왜 입출금 알람이 안 오나요 설정에서 입출금 알람을 설정했는데도 결제 시 뜨지를 않습니다
249,Art한나,3,2021-08-16,0,기업 정보 내용이 차이가 있던데 정보 업데이트를 안 해서 그런가요
250,난리남,5,2021-08-15,0,은행 갈 일이 없네요
251,오경희,4,2021-08-14,1,갑자기 앱 이중지 가 되었는데 이유를 모르겠어요 다시 사용을 하려면 어떻게 해야 하나요
252,박종보,1,2021-08-14,1,다른 로그인이 왜 안되었다 나는 매우 화가 났어요 간편 로그인이 되었어요 저는 참을 수 없다
253,수수,4,2021-08-14,0,좋아요
254,Hyunho Lee,1,2021-08-14,2,휴대폰 바뀌어 새로 어플 받아 설치하고 로그인하다가 새로 산 휴대폰 집어던질 뻔함 지문등록해서 로그인 시 잘 사용했었는데 바뀐 휴대폰에서 기존 아이디로는 로그인 성공했지만 지문 등록하려니 몇 시간째 헤매고만 있음 이거 개발자들은 집에서 식구들에게 꼭 해보라고 해봐라 뭐라 하려나 화면 캡처해서 내가 얼마나 헤매고 결국엔 지문등록 포기했는데 리뷰하면서 설명 좀 하려니 사진 첨부가 안 되네
255,권재균,5,2021-08-14,0,다운로드가 왜 안돼요
256,sunghyun jeong,5,2021-08-13,0,좋네
257,skywoner,1,2021-08-13,0,이 정도면 원류 가 아니라 다른 큐 같은데
258,김성민,5,2021-08-13,0,좋아요
259,노우화,1,2021-08-13,0,불편합니다
260,멍냥,5,2021-08-13,0,인증이 편함
261,love chaumet,1,2021-08-13,1,어플이 너무 느려요 무슨 메뉴 하나 들어가는데 5초 걸리나요 아래 5가지 방법 대로 해도 똑같아요 메뉴도 눈에 안 띄고 입출금 알림은 올 때 있고 안 올 때도 있고
262,그만하시죠,5,2021-08-13,2,역대급 은행 어플들 중에 단연 톱일 것 같다 정말 편하게 잘 구성되어있음
263,고석민,1,2021-08-12,1,로그인 화면에서 잘 넘어가지 않고 여하튼 다른 은행보다 느려요 은행을 옮겨야 할듯하네요
264,겸이어멈,5,2021-08-12,0,사용하기 편하고 좋아요
265,한성우,1,2021-08-12,0,업데이트하고 나서부터 어플이 안 켜집니다 처음 들어가는 화면에서 멈춰요 삭제하고 다시 깔아봐도 마찬가지입니다 
266,Favorite,1,2021-08-12,29,어플에 필요한 메뉴는 꽁꽁 숨겨두고 온통 산품 판매 메뉴뿐 어찌어찌 분실신고를 했는데 재발급이 어플로 안됨 분실신고한 것도 다시 찾으려니 어딨는지 안 보이고 메뉴 검색도 안됨 다른 대기업 꺼 써야지 만들다만 중소기업 어플 수준임
267,처리이야기,5,2021-08-12,0,좋아요
268,최금숙,5,2021-08-12,0,편리합니다
269,주선규,5,2021-08-12,0,굳
270,송소영,5,2021-08-11,0,편리하게 잘 쓰고 있습니다
271,U Bi,1,2021-08-11,0,인증서 발급됐다고 3번이나 뜨는데 인증서 없음 어플에서 확인도 안 되고 전화상담해도 모른다고 함
272,Falcon Sea,1,2021-08-11,0,접속 장애 왜 이렇게나 나요 돈 찾아야 하는데 뱅킹 접속이 안 되니 답답하기만 하네요
273,행복,1,2021-08-11,0,어플이 너무 느려요 진짜 너무 답답합니다 이러니깐 카카오 같은 신규업자한테 이용자 뺏기는 거죠
274,이상군,5,2021-08-11,0,굿
275,이름만경찰,5,2021-08-11,0,편리함
276,김경순,4,2021-08-10,0,좋아요
277,배영주,5,2021-08-10,0,좋음
278,김병영,5,2021-08-10,0,간단 편리
279,난정답만 말해,1,2021-08-10,0,앱을 깔았는데 폰에 안 보여요 은행 업무 보려면 여기 들어와야 해요
280,Daeha Park,1,2021-08-09,17,인증서 갱신하려면 앱에서 안되고 PC로 옮겨서 갱신해야 됨 그럴 거면 앱에 메뉴는 왜 만든 건지 추가 답변이 매크론가 조건이 안되면 pc로 옮겨야 된다는 소리를 왜 했겠나 갱신해야 돼서 하려니까 안돼서 하는 소린데 예전에도 비슷한 문제 리뷰로 남겼더니 답변 같지도 않은 거 달고 지워버렸더니만 추가  인증서를 앱에서 갱신할 랬더니 하나은행에서 갱신할 수 있는 인증서가 아니라고 오류 떴는데 pc로 보내서 하나은행 웹에서 갱신했더니 됐고 제 역할 못하는 앱이 문제라는 겁니다
281,남은정,5,2021-08-09,0,예적금 가입하기 편리해요
282,박성재,3,2021-08-09,1,지금 외국에서 와이 파이로 접속 중인데 갑자기 어느 순간부터 앱 정보 확인 중 도중에 원활한 접속 실행을 위해서 확인해주세요 나오고 네트워크 오류 9999 뜹니다 좀 해결방안 좀 알려주세요 다시 지우고 깔아도 안되고 고객센터에 전화해도 안돼요
283,박종석,5,2021-08-09,0,좋습니다 사용하기 편해요
284,HH jeon,5,2021-08-09,0,굿
285,이정우,2,2021-08-09,2,하나은행 앱이 백그라운드에서 실시간 검사를 진행합니다 구글 플레이에서 다른 앱을 설치하거나 업데이트할 때 상태 바에서 하나은행 실시간 검사가 활성화됩니다 하나은행 앱을 사용하고 있지도 않은데 왜 자꾸 실시간 검사를 하나요 뱅킹 앱을 사용하고자 앱을 설치한 거지 휴대폰 관리프로그램을 설치하고자 한 게 아니잖아요 하나은행 앱 동작 중이 아닌 상태에서 보안 프로그램이 작동하지 않도록 수정 바랍니다
286,김진만,1,2021-08-08,0,기존 앱이 좋습니다 간편 비밀번호가 맞는데 안 맞는다고 나오고 엉망입니다
287,이삼복,3,2021-08-07,1,한동안 질 쓰다가 언젠가부터 클릭만 해도 깜빡 거리고 맙니다 이게 어떻게 된 거죠
288,GGOO K,1,2021-08-07,1,어느 순간부터 앱을 실행시키면 하나금융 투자 프로이가 계속 중단됨이라는 에러 메시지가 계속 발생합니다 이유를 모르겠네요 일 때문에 증권사 어플 10개 정도 쓰는데 하나 1Q 앱만 에러가 생깁니다 저만 그런 건지 앱이 문제인지 다른 사용자도 이런 증상이 있다는데 앱 개발자는 얼른 해결하셔야 이래가지고서야 증권사 앱이라 할 수 있겠어요 안되는 집엔 다 이유가 있는 법이죠
289,풀잎이,5,2021-08-07,0,비대면 대출 짱짱
290,ixmir,5,2021-08-07,0,간편하고 좋아요
291,마도준madojun,5,2021-08-07,0,굿
292,최준영,1,2021-08-07,14,며칠만 지나면 입출금 알림도 안 오고 간편 인증 초기화됩니다 기존 이력 불러오려고 해도 비밀번호 틀리다고 안됩니다 이게 몇 번째인지
293,이명자,5,2021-08-06,0,좋아요 편리해요
294,고기만,5,2021-08-06,0,굿
295,Kyung Hwa Lim,5,2021-08-05,0,Good
296,Team Leader Safety,1,2021-08-05,0,공인인증서 내보내기 복사 예전보다 직관적이지 않습니다 수정 부탁드립니다
297,김솔잎,2,2021-08-05,1,이용한 이력이 있다고 자꾸 재인증을 하래요 인증하기 버튼 눌러서 간편 비밀번호 치면 다시 재인증 화면으로 돌아옵니다 캐시 삭제 메모리 삭제 맵재 설치 업데이트 안 해본 거 없습니다 어디다 자세히 여쭤봐야 할까요
298,김승우,5,2021-08-05,0,사용하기 편해요
299,박채은,1,2021-08-05,0,계좌이체비밀번호 맞게 썼는데 계속 잘못 썼다고 정지 먹었네요
300,홍은희,5,2021-08-04,2,사실 하나은행은 사용조차 하지 않았던 나에게 새로운 신세계를 보여준 앱이라고 할 수 있었어요 앱이 정리도 잘 되어 있어서 펀 맹인 저에겐 참 다정하게 다가온 앱이에요 그러다 하나카드도 만들게 되었고 지금도 잘 쓰고 있답니다 하나콕뱅크 어려울 거란 생각 말고 그냥 해보세요 아주 간편하고 편하게 사용할 수 있도록 시스템이 정리가 잘 되어 있습니다 왕 추천드립니다
301,뭐왜뭐뭐왜뭐뭐,3,2021-08-04,0,이 앱도 원류라고 여러 개 합쳐서 내놓고는 지금 보면 원류라는 이름의 어플들 또 엄청 생겨나고 있네 어딜 봐서 원류인가요 이게 그냥 따로 가지 차라리 구어 풀이 더 좋았는데
302,김동성,1,2021-08-04,0,이체 페이지에서 추가 옵션 예약이 체 가 안 보입니다  예약 이체를 하고 싶어도 못하고 있음
303,SH J,1,2021-08-04,0,예약이 체 메뉴가 사라졌는데 기능을 없애놓은 건가요
304,김선민,4,2021-08-04,0,자꾸 이 어플에서 실시간 검사한다면서 알림 창에 뜨는데 이거 뭐인가요 원래 이런 거 안 떴었는데 갑자기 오늘 뜨네요
305,김서현,2,2021-08-04,1,예약 이체는 안 되나요 가무라 봐도 예약 이체는 보이지를 않아요
306,충성베리집사,5,2021-08-03,0,최고로 편해요
307,도로롱,1,2021-08-03,0,신분증이 안 찍힘 아 진짜 신분증 한 50번은 찍은 거 같아요 검정 배경에다가 했고 답답해서 죽겠네요 내 돈 내가 빼지도 못하네
308,노성현,5,2021-08-03,1,편해요 빠르고 편하게 사용 중이에 옷
309,jee hoon oh,1,2021-08-03,1,통장 개설부터 안됨 운전면허증을 수십 번 찍어봐도 다시 찍으라고 함 다른 은행 어플로 신분증 인증해봤는데 잘 됨 고객센터 통화해봐도 핸드폰 껐다 켜 보라는 답변뿐
310,Sangbin Nam,5,2021-08-03,0,굿 아주 굿 최고의 어플인 듯
311,자경단회장,1,2021-08-03,0,앱을 너무 쓰레기같이 만들어놔서 뭐라 할 말이 없다
312,유세영,4,2021-08-03,0,굳
313,Keep going,1,2021-08-02,0,공동 인증서 폰에서 pc로 내보내기 겁나 안됨
314,ym k,1,2021-08-02,0,하나은행에서 IRP 가입했다가 앱 때문에 IRP 해지했습니다 전국은행사 통틀어서 최고의 사용자 언프렌들리 앱입니다 개발자는 반성해야 합니다
315,이승원,5,2021-08-02,0,좋아요
316,김기완,1,2021-08-02,0,가입되어있다면서 안 넘어갑니다
317,yj,1,2021-08-02,31,ui가 너무 안 좋습니다 주 업무로 은행 쓰는데 그룹사별 여러 가지 메뉴가 너무 많고 쓰지도 않는 게 많아서 복잡함 직관적이지 않고 너무 불편함 여태껏 구형 하나원 쿠가 편해서 억지로 그것만 쓰는데 알림도 요즘 안 오고 로그인도 일부러 버벅거리게 하는 건가요 아 진짜 그냥 구형 하나원큐처럼 가볍게 한 가지만 합시다 좀
318,히돌,1,2021-08-02,2,앱 초기화면에 사용자가 편하게 쓸 메뉴들 안 넣고 상품 광고 미끼 먼 잔뜩 넣어두니 가독성 편의성 모두 떨어짐 아직도 칼뱅에 비교할 수 없이 불편함
319,김윤식,5,2021-08-02,0,좋아요
320,오세광,5,2021-08-02,0,사용하기 편해요
321,김명찬,5,2021-08-02,0,아주 좋음
322,대학생,3,2021-08-01,0,이체한도 백만 원으로 변경했는데도 불구하고 30만 원 제한이 걸려있어요
323,이우연,5,2021-08-01,0,굿 럭
324,서점종,5,2021-07-31,0,글씨 커서 좋습니다
325,ᄁᄊᄁᄊRT,1,2021-07-31,0,3일 동안 계속 튕기기만 해요
326,이종현,5,2021-07-31,0,좋아요
327,김현수,5,2021-07-31,0,좋아요
328,jin k,1,2021-07-31,0,아씨 왜 계속 공인인증서 등록 안되고 같은 작업을 몇 번째인지 개짜증
329,레황,4,2021-07-30,0,입출금 알림이 제대로 안 오네요
330,이재훈,1,2021-07-30,0,왜 안 들어가짐
331,변명선,1,2021-07-30,3,어플이 무거워서 답답함 저번 구 버전이 훨씬 나음
332,lee-hwan choi,5,2021-07-30,0,좋아요
333,Na,5,2021-07-29,1,어플 빠르고 안정적으로 잘 됩니다 지문인식도 한방에 되고요 갤럭시 s10 사용 중입니다
334,천방지축꿀꿀TV,1,2021-07-29,0,도대체 비대면 실명인증에서 계속 고객 성명이 틀립니다라고 나오고 진행이 안되는 이유가 뭔가요
335,Mikoniz,1,2021-07-29,3,회사 급여 이체 은행이라 어쩔 수 없이 꾸역꾸역 사용해왔지만 참다 참다 글을 써본다 이 앱의 장점  스크래피 활용한 모바일 신용대출이 비교적 간편하다 이 앱의 단점 1 앱 최적화가 X 같음  개발자가 일을 안 하는 건지 윗선 꼰대들이 망쳐놓은 건지 모르겠지만 각종 메뉴 진입할 때 12초 로딩은 기본이며 진입 후 직전 메뉴로 돌아가기 위해 뒤로 가기 누르면 최초 페이지로 리로 덩 등등 2021년에 이런 느린 뱅킹 앱은 처음임 2 개발자도 포기한 듯한 업데이트  국내 시중은행의 모바일 앱의 최신 업데이트 일자를 살펴보자  국민은 힝  21716  우리은행  21721  SC 제일  2176  신한은행  21714  하나은행  21412  물론 앱을 기가 막히게 잘 만들어 놓았다면 업데이트 안 해도 잘 굴러 갈 것이다 근데 너네가 이따위로 만들어놓고 업데이트조차 등한시하면 어쩌라고 500자 꽉 채워서 더 못
336,조용환,5,2021-07-29,0,정말로 편리함
337,최현진,1,2021-07-29,0,앱 실행할 때마다 간 편린증 등록을 해야 합니다 정상적으로 등록이 되었다는데 왜 또 구동할 때마다 간편 인증을 등록해야 하나요 인증번호 입력해도 틀리다고 나와 다시 인증 등록을 매번 새로 해야 됩니다
338,Judy lee,5,2021-07-28,0,좋아요
339,피창인생,1,2021-07-28,2,여권 인증으로 비대면 계좌 개설을 하려는데 인증이 되질 않습니다 찰칵찰칵 찍기만 하고 다음 단계로 넘어가질 않습니다 사진을 업로드한다던가 담당자와 통화를 한다던가 다른 방법은 없고 오직 하나의 인증 방법만 만들어 놓으시니 답답하기 그지없습니다 인터넷 뱅킹 좀 하게 도와주세요 
340,그대의눈동자에치얼스,3,2021-07-28,12,잘 되다가 요즘 왜 펀드 입금액을 변경하려고 했는데 계속 안되죠 다른 건 되는데 펀드 입금액 변경하려 했더니 안돼요 어떡해야 하나요 다른 건 다 좋아요 특히 다른 은행 계좌까지 한 번에 볼 수 있는 게 너무 편해요 펀드만 어떻게 해결해주세요 답글 주셔서 다시 달아요 추가 입금은 되는데 그 매달 입금하는 입금액을 변경하려는데 계속 오류라고 안돼요
341,노혜정,5,2021-07-28,0,편리함
342,개국본만세,5,2021-07-28,0,굿
343,신현만,1,2021-07-28,0,Mock one9
344,deathstar,1,2021-07-28,6,유심 인증서 왜 못씁니까 인증서 메뉴 암만 찾아봐도 pc에서 가져오기나 다른 폰에서 가져오기만 되네요 다른 은행 앱에선 다 있는 기능이 왜 없나요 저장공간 말고 유심에 있는 거요 유료 서비스 그걸 물어본 건데 뭔
345,소피아매니아,5,2021-07-28,0,이용하기 쉽고 좋네요
346,지박훈,5,2021-07-28,0,좋네요
347,십원,1,2021-07-28,35,카카오에서 환전하고 하나은행 연결돼서 환전되었는데 불편한 게 한두 가지가 아닙니다 우선 모바일 otp 발급해야 타행 외환 이체가 가능한데 otp 만들려면 하나은행 입출금 계좌가 하나 있어야 합니다 다른 은행 계좌 만든지 20일이 안 지나서 기다려야 하고 귀찮아지네요
348,홍사랑,3,2021-07-27,0,업데이트 설치가 안돼요 G8 쓰는데 다운은 되나 본데 설치가 안 된다 떠오
349,박혜은,5,2021-07-27,0,좋아요 쉽고 편해요
350,H요셉,5,2021-07-27,0,간편하고 빠르고 주거래은행 변경했습니다
351,조은서,5,2021-07-27,0,주거래은행이 간편해지니 좋네요
352,임민서,5,2021-07-27,0,최고
353,유귀협,5,2021-07-26,0,좋아요
354,옥경성,5,2021-07-26,0,굿 사용하기 좋네요
355,김종원,5,2021-07-26,0,좋아요
356,김현우,5,2021-07-26,0,많이 편해졌네요
357,YUNJIK CHOI,5,2021-07-26,0,너무 편합니다
358,양귀남,5,2021-07-26,0,굳
359,임성훈,1,2021-07-26,0,쓰레기 중에 쓰레기 하나 멤버스 설치하니 하나원 쿠가 사용 불가 APP 새로 설치하고 하나 멤버스 제거하니 정상 동작
360,박서영,5,2021-07-26,0,좋아요
361,MOZZI,1,2021-07-26,20,이딴 거 만들어 놓고 개발자들이 돈 받아 갔다고 생각하니 킹 받음 금융 관련 사고 났을 때 자기들 책임 안 지려고 OTP 너 뭐니 만들어 놨는데 이런 거 때문에 오류도 많도 절차도 복잡해지고 이러니 카카오뱅크 같은 신생 인터넷 은행이 이딴 구시대적인 은행보다 시총이 더 높지
362,김무겸,4,2021-07-26,0,편리합니다
363,이재용님물러나지마세요물려나실려면후17.더18,2,2021-07-26,0,은행 은 ☆ 02 은행 카드는 ☆ 5 카드 설치 4번째 했는데 데이터 가 있잖아  됐거든 1 8 더 리뷰 더 게시 더 ☆ 하면 내가 개 개야 그래서 설치   설 치 안 해 정신 차려 내 데이터 어디 은행한테 ☆ 이거  야    똥 보다 심해 그래서    했어 그냥 잘 했다 생각 느낌 느낌 생각 주소 18 NBANK 18 주소 맞니 안돼 안돼 주소 은행 주소 비 밀 번 호 안돼 또 게시하게 하네  일 인 것 같아 그러니깐 바보 보다
364,maru beni,5,2021-07-26,0,사용하기 편해요
365,진유리,5,2021-07-25,0,편리하고 좋아요
366,김민준,5,2021-07-25,0,좋아 연
367,周炫성경애TV,4,2021-07-25,0,입출금 내역 송금이 용이합니다
368,Semin Lee,5,2021-07-25,0,좋아요
1691,김은정,1,2021-01-31,1,요즘 공동 인증서로 로그인할 때마 화면 닫혀버리고 대출 상환해야는데 이틀 동안 안돼서 이자만 더 주게 생겼네요 저번에도 그러지만 정말 화가 납니다
1692,뚜뚜,1,2021-01-31,0,진짜 은행 앱 중 역대급 구려요  모바일 otp 발급받는데 계속 계좌 인증하라고 떠요 진짜 무한 수레바퀴임;;; 적금 끝나면 하나랑 이별 예정
1693,이홍직,4,2021-01-31,0,좋아요
1694,박은정,4,2021-01-31,0,두 계좌이체 없나요 한 건 한 건 이체하는 거 귀찮아요
1695,Junewoo Myoung,5,2021-01-31,0,앱이 깔끔하네요 Ai ux가
1696,임진주,2,2021-01-31,1,로그인 시 공동 인증으로 그 인구 공인인증서 방식으로 하려니 자꾸 앱 중지 안내가 뜨고 안되는데 어떻게 된 건가요 다른 방식 간편 비밀번호 이런 거로는 되더라고요 꼭 필요한 공동 인증 로그인으로 로그인해야 됩니다
1697,엄익선,1,2021-01-31,12,업데이트를 하면 매번 오류가 남 오늘은 공동 인증서를 누르면 튕김 그래서 이체를 못하고 있음 업데이트 매번 초기화 잘 뜨던 공인인증서 바로 누르는 화면도 매번 선택하게 만들더니 업데이트 불편하게 만듦인 듯 진짜 윗분 말대로 어플이 불편해서 주거래 은행을 바꿀듯합니다
1698,Jinsub Kim,1,2021-01-30,0,공인인증서 로그인 시 계속 비정상 종료되는데 고칠 생각도 안 하고 머 하는 짓인지
1699,김상선,5,2021-01-30,1,너무나도 사용하기 편리하고 정보제공이 신속 정확과 보안이 잘 되어있어 믿고 쓰기 좋은 웹
1700,김선재,5,2021-01-30,0,조아여
1701,Lauren C,5,2021-01-30,0,앱 업그레이드되니 훨씬 가독성도 좋고 사용하기 편리해서 좋아요
1702,Sophia e,5,2021-01-30,0,좋아요
1703,박미려,5,2021-01-30,0,좋습니 대
1704,김이수,1,2021-01-30,0,이거 왜 이럼 멈춰서 열리지도 않고 완전 짜증 앱이네요
1705,김진영,1,2021-01-30,0,아니 제 아이디는 소문자인데 키보드엔 대문자로만 나오면 어떻게 로그인하라는 건가요 그리고 공인인증서는 구하나 원규에서 신하나원큐어플로 인증서 내보내기 했는데도 안되면 어쩌라는 거죠 하 개답 답하네 어플
1706,반재현,2,2021-01-30,1,하나은행 앱 이용 못하는 건가요 실행이 안돼서 들어가지를 못하네요 업데이트했는데도 불구하고 계속 안돼요 최근까지 잘 되었는데 몇 주 전부터 실행하다 접근 못한다고 꺼지네요
1707,eun byul park,1,2021-01-30,0,타행 금융 인증서 등록이 안되네요 다른 은행은 다 했는데 하나은행만 인식을 못 하고 있어요
1708,자연인,1,2021-01-30,0,출금 알람이 잘 안 떠요 너무 심합니다
1709,김인호,1,2021-01-30,0,아 짜증 나 어플을 받아서 쓰려고 해도 오류라고 뜨고 아무것도 안되네요 이거 뭡니까 하나카드 쓰지 말라는 얘기 하나은행 통장도 없애고 카드도 없애야 되나 차라리 안 쓰고 말지
1710,KyungAh Lee,1,2021-01-30,1,업데이트한 후부터 앱 실행 로그인하려고 하면 앱이 꺼져버립니다 이게 무슨 일인지 답답하네 이거 이래갖고 하나은행 주 거래로 쓰겠나
1711,강경민,1,2021-01-29,0,왜 갑자기 카드 사용이 안 되죠 현금 없이 카드만 가지고 왔는데 아무 통보도 없이 사용 정지를 사용시키나요
1712,Squidward Tentacles,1,2021-01-29,6,장난치는 것도 아니고 왜 이체가 안됩니까 경매한 물품이라 빨리 입금해야 하는데 무슨 앱에서 오류가 이렇게 많이 나요 업데이트하고 나서 이체가 안돼요 Kb 쓸 때는 이런 일이 없었는데 주거래은행 다시 kb로 해야겠네요 뭐 이딴 앱이 다 있어 앱이 없는 것들
1713,리관저,1,2021-01-29,1,아 짜증이 나네요 계약금 입금해야 하는데 접속도 안되고 한참 있다가 이체 되나 싶더니 최종 단계서 무한 로딩 중이고 은행 해킹당했어요 은행 앱 쓰다 이런 경우 처음이네요
1714,임현중,1,2021-01-29,0,진짜 욕밖에 안 나오는 앱 그전에도 그랬고 발전보다는 후행하는 모습에 질린다 하나은행 관련된 앱 전부
1715,이두비,1,2021-01-29,0,계속 이런 식으로 한 번씩 서버가 다운된다면 이 은행에 대출이 있더라도 다른 은행으로 인터넷뱅킹을 갈아탈 수밖엔 없겠죠
1716,최판주,1,2021-01-29,0,갑자기 오늘부터 먹통 되네요 급한데
1717,쀼담비,1,2021-01-29,0,왜 또 로그인이 안 돼
1718,정요한,1,2021-01-29,0,업데이트 이후에 왜 안 되나요 다 해봤는데
1719,Jihoon Nam,1,2021-01-29,0,로그인하면 멈추는데 무슨 말이 더 필요할까요
1720,김선경,1,2021-01-29,0,아 안 들어가죠요
1721,김현섭,1,2021-01-29,1,오늘 새로 깔고 로그인 인식도 못 하는 얼굴 깔고 이체해야 하는데 계속 오류 나고 느리고 어플 맞나요 인식률이 30도 안도는 걸 보안이라 해놓고 멍따 시켜놓으면 이거 어떻게 사용합니까 당장 내일 써야 하는데 정말 망했네 고객 짜증 불편 앱 카카오나 삼성 봐봐
1722,이규행,1,2021-01-29,0,지금 이체 빨리해야 되는데 왜 대체 앱이 처음 화면에서 안 넘어갑니까 지웠다 깔아도 안되네요 너무 느려요
1723,강명지,1,2021-01-29,0,은행 어플 땜에 갈아타고 싶음 진심 
1724,IO D,1,2021-01-29,0,거래량 증가 때문에 어플이 안 켜진다고 진짜 은행 어플이 이딴 식으로 굴면 신뢰도 하락인 거 모르나 아오 어이없네 진짜 
1725,박상우,1,2021-01-29,0,와 몇 분째 접속자가 많다고 안 들어가지는 거야 진짜 일처리며 시스템이며 개떡같은 은행이네
1726,gytoys,2,2021-01-29,0,오늘 왜 로그인이 안되죠 전체적으로 프로그램 무겁습니다 주 거래만 아니면
1727,이지현,1,2021-01-29,13,로그인이 갑자기 안돼요 나만 그래요 앱 바뀌고 욕 많이 먹는 거 보긴 했는데 이전 어플 없애고 강제로 새어 프로 깔게 했으면 이 정도는 보완해야죠 어플 때문에 할 수 없이 주거래 은행을 바꿔야 하는 어처구니없는 이 상황을 어쩌면 좋을까요 하나은행 어플 개발한 사람 실직당했으면 좋겠네요
1728,김동호,1,2021-01-29,0,에 쓰레기 같은 어플 갑자기 계좌이체 못 하서 손해 본 게 몇백인지 아나 거래상에 보내야 하는데 진짜 시간도 없는데 열받아뒤지겠네 이게 무슨 대기업은행이고 입출금도 제대로 안되고 아 진짜 더러워서 해지한다 내가 저축은행보다 못한 어플
1729,김효주,1,2021-01-29,0,제 혼자 로그인도 안 되고 계속 로딩 중입니다 이 하나은행 어플로는 이체가 안되네요 다른 어플 써야겠어요
1730,져니져니,1,2021-01-29,0,제 핸드폰에 무슨 문제 있는지 알았어요 왜 열리지도 않는 건가요 급하게 이체해야 하는 것들 많은데 이게 뭐람
1731,호냥이,2,2021-01-29,1,갑자기 접속이 에러가 걸려요;
1732,박지연,5,2021-01-29,0,보기 편함
1733,김민철,5,2021-01-29,1,매우 편리하다
1734,임진묵,5,2021-01-29,1,좋아요
1735,최다니엘,4,2021-01-29,0,오랜만에 깔았는데 심플하고 깔끔해졌네요  다만 간혹 멈칫하는 현상이 손해보험이나 다른데 들어갈 때 있네요
1736,영이tv,1,2021-01-29,0,앱에 들어가지지도 않네요 짜증 나서 삭제했다 다시 깔아도 앱 초기 화면에서 빙빙빙 이래서 쓰겠어요
1737,박세웅,1,2021-01-29,0,이틀째 접속이 안되네요 구 버전 사용할 때는 아무 문제 없었는데 충분히 테스트 후 앱을 론칭했으면 하는 아쉬움이 있네요
1738,신홍열,5,2021-01-29,0,굿
1739,손지훈,1,2021-01-29,0,잘 안 들어가져서 화나요
1740,HYUNGMIN RHO,4,2021-01-29,0,좋아요
1741,Chris Shim,1,2021-01-29,0,너무 느림 최악 진짜 앱 개발팀 다 바꾸셔야 할 듯요
1742,Choi hyunmin,5,2021-01-29,0,빠른 진행 좋아요
1743,김기원,5,2021-01-29,0,좋아요
1744,TV Hoxy,5,2021-01-29,0,잘 쓰고 있어요 만족합니다
1745,김동철,1,2021-01-29,0,최악이에요
1746,이준철,5,2021-01-29,0,익숙해지니 좋아요
1747,김태양,4,2021-01-29,0,하나은행 무료 스마트뱅킹 좋아요 파이팅
1748,동호!,3,2021-01-29,0,로그인할 때 뜨는 키보드가 작아 저서 구 버전 때보다 좀 불편하네요
1749,B K,2,2021-01-29,0,업데이트될 때마다 안 열리는데 계속 지웠다가 새로 깔아야 하나요 업데이트되면 벽돌이 되는 이유가 대체 뭔가요 개발팀 고생하는 건 알겠는데 도대체 이해가 안 가요 너무 불편해요
1750,Google 사용자,5,2021-01-28,0,편리함
1751,김기현,4,2021-01-28,0,좋아요
1752,정선호,4,2021-01-28,0,편리합니다
1753,조성환,5,2021-01-28,0,직관적이고 사용하기 쉬워요
1754,ᄒ오리,1,2021-01-28,0,아니 그니까 종합계좌 개설하래서 종합계좌개설했는데 이 계좌번호는 하나은행 계좌가 아닌 건가 왜 이 계좌는 로그인이 안 되냐고 하나금융 투자 계좌랑 하나은행 계좌랑 다른 건가요
1755,백수영,1,2021-01-28,0,로그인도 안 되고 멋대로 종료되어 난감하네요 속도도 많이 느리고요
1756,oasis,1,2021-01-28,1,최근 오류 나서 안 켜질 때가 너무 많습니다 신뢰성과 안정성이 보장돼야 할 은행 앱이 이 모양이라는 게 어이가 없네요 바로 이체해야 돼서 켰는데 안 되면 진짜 화납니다
1757,전성구,4,2021-01-28,0,UI는 편리 이동 시 로딩 시간이 전체적으로 긴 게 단점
1758,관상은 과학이다,1,2021-01-28,0,너무 잦은 오류로 어플 사용하기 불안함
1759,조용환,1,2021-01-28,0,앱 실행 중 오류 발생 만내여 안내대로 했는데 급할 땐 짜증 납니다
1760,공경필,1,2021-01-28,0,시작 화면에서 넘어가지를 않네요 왜 이런 거예요 계속 잠시 후에 이용하라고 메뉴 하루 종일 새마을금고도 안 그러는데 나 참
1761,Do Do,1,2021-01-28,0,잠시 후 다시 재접속해달라는 경고 창이 계속 떠요 지웠다 깔아도 계속 뜨는데 해결 방법 있나요
1762,Koh고영선,2,2021-01-28,0,버전 체크 반복하다 오류 떨어짐
1763,미식,3,2021-01-28,0,왜 실행이 안 되나요
1764,znzn zns,1,2021-01-28,0,프로그램이 로딩만 하다 오류로 꺼지길 수십 차례 지우고 다시 깔아도 마찬가지 써 본 은행 앱 중 최악
1765,임민희,1,2021-01-28,0,오늘 계속 오류 뜨네요 잠시 후에 하라 해서 다시 해봐도 계속 오류로 뜨네요
1766,상철이,1,2021-01-28,0,카드대출받고 나서 갑자기 잘 되던 어플이 박통이 돼서 지금 새로 다운로드하고 있네요 너무 불안합니다
1767,가시고기,2,2021-01-28,0,이체 수수료 무료라고 해서 다운로드했는데 어느 순간 주식계좌에서 내 하나 계좌로 돈 옮기려니까 수수료 300원 받는 건 뭔데요 주식수수료도 잘 떼어가면서 너무하네
1768,BBI,1,2021-01-28,0,다운로드  크래시  재실행하시겠습니까 무한 반복
1769,김경선,1,2021-01-28,1,앱을 실행하는 도중 오류가 발생했습니다 다시 시도해주시기 바랍니다라는 메시지가 뜨면서 앱이 실행되질 않아요
1770,Ilrak Choi,1,2021-01-28,0,왜 이렇게 안돼요
1771,김경선,1,2021-01-28,0,만기해지해야 하는데 자꾸 재시도 앱 종료 떠요
1772,쨘쨘쨘쨘,1,2021-01-28,0,5시 18분 접속 시도했는데 계속 안 돼요 은행 앱인데 이러면 좀 불편하네요
1773,Sunny,2,2021-01-28,0,오늘 업데이트 후 실행이 안돼요
1774,박원기,1,2021-01-28,0,1월 28일 오후 5시경부터 접속이 안됨
1775,Kevin Maro,1,2021-01-28,0,카카오뱅크가 성공할 수밖에 없는 이유
1776,김규도,5,2021-01-28,0,처음 사용해보는데 좋네요
1777,Myung-ah Kim,1,2021-01-28,0,자꾸 오류 나요 개구려요
1778,김영섭,4,2021-01-28,0,펀드 가입부터 가이드까지 유용하게 활용할 수 있으니 좋아요
1779,H. jin Oh,4,2021-01-28,6,어제까지 앱 통해서 이체 잘 사용했는데 오늘 오전에 업데이트하고 앱 구동 후 공동 인증서 로그인하려면 앱 증지 안내가 뜨고 실행이 안됩니다 V3 앱이 자동 구동이 안 되는 것 같습니다
1780,김은혜,5,2021-01-28,0,좋아요
1781,강백호,5,2021-01-28,0,뭐가 불편하다는 거지 난 다 이상 없이 되는데
1782,김태희,1,2021-01-28,0,간편등록 사용하다가 안돼서 상담원과 통화 후 앱 삭제 후 다시 설치하려니 안되네요 다른 앱은 잘 설치가 되는데 이것만 안 깔리는 이유를 도통 모르겠어요 뭐가 문제죠
1783,천사요한,1,2021-01-28,0,다른 은행과 비슷해요 고객센터 상담원이나 충원하세요 상담원과 통화 좀 할 수 있으면 좋겠네요 은행 지점 및 ATM 기기까지 착실하게 철거하더니 이젠 고객센터도 문 닫는가요
1784,이선아,1,2021-01-28,0,업데이트도 느리네요 속 터져요 성격 급한 사람은 뛰다 목 빠지겠네요 웨 업데이트하는데 느려지나요 개선이 필요합니다
1785,가만두더지,1,2021-01-27,0,어우 귀찮아 뭐 맨날 업데이트야
1786,다니엘박쉐프,5,2021-01-27,0,편리하고 시간 절약
1787,Johns David,1,2021-01-27,0,당장 급하게 한도보다 더 이체할 일이 생겨서 이체한도를 변경했는데 이체가 안 되는 쓰레기 같은 일이 발생하네요 이전 앱에선 못 겪은 일인데 도대체 어떤 놈들을 써다 만들어서 이 모양인지 참 궁금함
1788,AA AA,1,2021-01-27,0,노트 20울트라 업데이트 후 공인인증 로그인하려고 하면 강종 되네요
1789,박준영,5,2021-01-27,1,좋아요
1790,SS Y,1,2021-01-27,0,오픈뱅킹 가입 중 스마트 간편 인증에서 진행이 안됨
1791,스스파이크,5,2021-01-27,0,편하고 너무 좋아요
1792,김정수,3,2021-01-27,0,잘 써고 있어요
1793,팝콘,5,2021-01-27,0,스마스 사용 이해하면 누구나 편리하게 사용하겠네요
1794,ChanYoung Park,1,2021-01-27,0,사람이 만들긴 함
1795,이진연,1,2021-01-27,0,진짜 댓글 안 쓰는데 앱 속도 좀 올리세요 전에 앱보다 버벅대고 느림 사업비 날로 먹은 건지 그리고 화면이 제대로 구현이 안 돼서 새로 고침 나오고 별 쇼를 다하게 하는 이번 앱이네요 아니 도대체 왜 바꾼 건지 전혀 장점이 없음 앵무새 답변 말고 그전 앱보다 좋은지 기술적인 부분 고치세요 모니터링이 아니라 실제 손보라고요
1796,Do Kyong Roh,5,2021-01-27,0,편리하고 좋아요
1797,이현직,5,2021-01-27,0,굿굿굿
1798,박채경,4,2021-01-27,0,얼굴인식 편해서 좋아요
1799,최고석,1,2021-01-27,0,왜 이레 원큐형 힘들다
1800,추수감사,5,2021-01-27,0,굿
1801,조재철,5,2021-01-27,0,참 편리하게 적립식 펀드 가입이 되네요
1802,김승래,1,2021-01-27,0,너무 느려요
1803,반승희,1,2021-01-27,18,로그인 방식은 왜 자꾸 초기화되나요 지문 등록해서 멀쩡히 사용하다가 지문 등록하라 나오고 벌써 2번째 은행 고객 감소하면 다 이 어플 때문일 테니 개발자들은 연습을 실제 사용 어플에 하는 것이 아닌가 생각이 드네요 다른 은행 갈아타는 게 속 편하려나
1804,조plmqo,5,2021-01-26,0,좋아요
1805,zzayo,1,2021-01-26,0,지우고 다시 구버전 깜
1806,배희경,4,2021-01-26,0,하나은행 앱을 통합해 주세요
1807,으앙,5,2021-01-26,0,굿
1808,caomfs72,2,2021-01-26,0,왜 자꾸 오류가 나서 재실행 하라고 할까요 나중에 다시 하라고 하는 데 금융 업무가 이러면 안 되는 데
1809,정뿔,1,2021-01-26,0,도대체 왜 맨날 접속이 한 번에 안되는 거임
1810,hj,1,2021-01-26,0,이거 간편 비밀번호 어떻게 해요 기존 거 구버전 쓸 때도 간편 비밀번호 했었고 신버전도 그렇게 해서 썼던 거 같은데 갑자기 안 보이네요 기존 방식 로그인에도 없고요 보안번호 누르고 이체해야 하고 아 짜증 나네요 간편 비밀번호 다 등록했었는데
1811,권준안,1,2021-01-26,1,실행했는데 네트워크 오류로 인하여 정상적인 데이터를 수신하지 못했습니다 잠시 후 다시 시도해주시기 바랍니다  오전부터 시도했는데 오후까지도 똑같네요  그냥 PC로 사용합니다
1812,byungjoo lee,5,2021-01-26,0,좋아요
1813,Rockhopper park,3,2021-01-26,0,앱 종료 발생
1814,Jeki Chuck,2,2021-01-26,0,최악의 어플 대출서류 전송 자체가 안되네요
1815,양미란,5,2021-01-26,0,편리하고 안전해요
1816,Bueno Le,1,2021-01-26,0,느리고 버벅거리고 멈추고 단계별로 거치는 끊임없는 인증 절차와 자사 간편 인증만으로 가능한 간편 로그인 사용자 편의성이 간편한 게 아닌 은행 상품 광고가 간편한 스팸 어플
1817,하쿠나마타타,5,2021-01-26,0,좋아요
1818,정선녀,5,2021-01-25,0,좋아요
1819,장첼시,1,2021-01-25,0,업데이트했더니 로그인도 안 되고  왜 하나은행이 만년 34등인지 알것다
1820,임문희,5,2021-01-25,0,매우 편리합니다 왜 여태 사용할 생각을 안 했는지
1821,300와트 재욱이 1,1,2021-01-25,0,앱이 쓰레기임 지정계좌 등록했는데도 1일 한도 100만 원만 돼서 이체도 안댐
1822,s Kim,5,2021-01-25,0,좋습니다
1823,Ke.R Lee,1,2021-01-25,0,갤럭시 s10 노트 사용자입니다 첫 가입부터 보안 키보드의 번호 두 개가 같이 눌리거나 제한 코드 05니 뭐니 안된다고만 나오고 어떻게 하라 가타부타 메시지도 없고 그러네요 이걸 쓰라고 만든 건가요 진짜
1824,커피물,1,2021-01-25,11,오픈뱅킹 가입하면 스타벅스 쿠폰 준다길래 기존 앱에서 넘어왔는데 가입 완료 화면에서 쿠폰 수령을 못했습니다 굉장히 앱도 느리고 금융앱인데 그전 버전보다도 느리네요 채팅상담도 기존에 있던 거 취소하고 하라고 하고 오류투성이 쿠폰 받으려면 어떻게 하나요
1825,Kihyang Lee,1,2021-01-25,0,기존 잘 되던 거 갑자기 없어져서 신버전 다운로드가 안돼요
1826,BAN SEOK JEONG,5,2021-01-25,0,좋다
1827,양형열,1,2021-01-25,0,이체한도 올리려는데 터치해도 화면이 안 넘어가네요 이거 때문에 은행옴
1828,김영순,5,2021-01-25,0,간편하고 디자인도 심플 좋습니다
1829,이혜성,5,2021-01-25,0,하나원큐 굿
1830,노훈,5,2021-01-25,0,타사보다 훨씬 편해지고 정보도 많아서 좋네요 자주 애용할듯합니다
1831,박상민,5,2021-01-25,0,빠르고 좋습니다
1832,jaebum park,5,2021-01-25,0,편리해요
1833,홍준택,5,2021-01-25,0,굿
1834,김보미,1,2021-01-25,0,심플 이체는 왜 없어진 거죠 대체
1835,박주민,5,2021-01-25,0,굿
1836,황약사,5,2021-01-25,0,굿일 것입니다
1837,이상미,5,2021-01-25,0,굿 굿 굿
1838,이태경,4,2021-01-25,0,사용하기는 편리하나 간편 로그인 설정하면 기존 기기는 해제되는데 이게 상당히 불편하네요 두 기기 다 자주 쓰는데 하나는 어쩔 수 없이 공인인증서로 로그인하고 있습니다
1839,이재영,5,2021-01-24,0,좋아요
1840,구민경,4,2021-01-24,0,간편하니 좋아요
1841,이희주,1,2021-01-24,0,쓰레기 앱
1842,산슈,1,2021-01-24,0,면허증을 면허번호 한자 한자 또박또박 몇 번을 인증해도 틀렸다고 나오네요
1843,이청재,3,2021-01-24,0,왜 접속이 안되죠  갑자기
1844,전한선,1,2021-01-24,0,무슨 다운로드하는데 수시간이 걸리나요 관리 안 함
1845,Youn Hogeun,4,2021-01-24,0,자동이체 대상 금융기관에 한국 포스 증권도 추가해 주세요
1846,머리하는장군쇼군tv,5,2021-01-23,0,너무 편하고 좋네요
1847,남경래,5,2021-01-23,0,편리합니다
1848,고경남,5,2021-01-23,0,예전보다 훨씬 좋아졌어요
1849,이인재,2,2021-01-23,0,퇴직연금 상품에 펀드 종류가 너무 적어요
1850,헬렌월드,1,2021-01-22,0,업데이트하는데 엄청 오래 걸림 은행 어플인데 선진국 맞나 싶을 정도로 개 그림
1851,HJEnt,1,2021-01-22,0,입금계좌 붙여넣기도 안되네요
1852,SY K,1,2021-01-22,8,기존 거 제거 안 한 상태에서 받아서 금융상품 조회하다 기다림에 지쳐 그냥 새 앱 꺼버렸어요 상품 조회하는데 속도가 왜 이래요 1분 기다리다 강제 종료했네요 아직 많은 기능을 사용하지는 않았지만 필요 없는 것들 잔뜩 넣어놓고 은행 업무의 핵심 기능을 잃은 거 같네요 전 계속 구앱 사용하려고요 그리고 어떤 때는 잘 되고 안되고 아직 불안정한 거 같네요
1853,DL K,5,2021-01-22,0,은행 앱 다섯 개 정도 써봤는데 제일 나음
1854,Yang Hyeon Ko,5,2021-01-22,0,편해졌어요
1855,Seungryul Bae,1,2021-01-22,0,매번 접속할 때마다 자꾸 뭘 새로 다운로드하다가 꺼짐 은행 업무 보기가 너무 힘듦
1856,Yanghee Kim,5,2021-01-22,0,얼굴인증 로그인 편리하네요
1857,정71.1,5,2021-01-22,0,좋아요 편리해요 빠 밤
1858,jihye jeong,1,2021-01-22,0,로그인 방법 바꾸려니 간편 인증 등록 하라면서 개인 정보 인증하면 꺼져버리고 장난하나요 짜증 나서 못 써먹겠네
1859,김상원,1,2021-01-22,0,인증서 내보내기를 하면 튕겨요
1860,김희정,4,2021-01-22,0,편리한 거 같아요 잘 사용 중입니다
1861,TH K,1,2021-01-22,6,관련 부서 전달 및 조치가 안되었네요 말만 조치 조치  신규 설치하니 구 외환은행 정보 계좌번호 외가 없어 이용에 많이 불편하네요 병행 표기 요청드립니다
1862,황선기,1,2021-01-22,0,아니 이 새끼들은 업데이트할 때마다 인증을 새로 하래
1863,Ks Kim,5,2021-01-21,0,Good
1864,김성은,5,2021-01-21,0,좋아요
1865,74띠보리맘,1,2021-01-21,0,예전 앱은 하나은행 계좌들이 한 번에 보이며 잔액 만기일이 한 번에 떠서 관리가 편했는데 지금은 로 한 계좌씩밖에 안 보이고 만기 날짜도 바로 안 나와요 화면 넘어가는 것도 너무 느려요 전반적으로 예전 앱이 훨씬 좋아요
1866,김현석,5,2021-01-21,0,좋아요
1867,박수현,1,2021-01-21,0,오류 나요
1868,鄭賢眞,5,2021-01-21,0,들어가자마다 꺼져서 못썼는데 답변대로 다시 설치하니 괜찮아지네요
1869,DiaRain Kim,1,2021-01-21,0,왜 갑자기 로그인도 안 되고 해지 고객으로 뜨나요 공인인증서 무조건 만들어야 하는 건가요
1870,doohwan kim,5,2021-01-21,0,굳
1871,JANG HEE Choi,5,2021-01-21,0,탁월함
1872,나지은,1,2021-01-21,0,어플 접속이 안됩니다 다음 주 중요하게 계좌이체해야 하는 일 있는데 그날 이럴까 봐 겁나네요
1873,조대승,1,2021-01-21,0,인증을 했는데 며칠만 지나면 인증했던 게 다 없어져서 간편 로그인 얼굴 인증 다 안돼서 다시 인증하라 하고 해서 인증하면 며칠 지나서 또 안돼서 또 인증 또 인증 또 인증 짜증 나네요
1874,임지희,1,2021-01-21,0,진짜 불편하다 왜 바꿨는지 이해가 안 됨 예전 앱처럼 지문으로 바로 보내져야 편하지 비번을 두 개나 입력하라고 하고 계좌이체할 때 그 계좌가 어디 있는지 찾아서 클릭해야 하는 번거로움 예전 건 계좌가 다 떠서 클릭 한 번만 하면 됐는데 이번 두 번 해야 함 너무 불편해 불편해 딴 은행 알아보는 중
1875,김성준,5,2021-01-21,0,좋아요
1876,park janghun,4,2021-01-21,0,좋아요
1877,이애라,5,2021-01-21,0,좋아요
1878,Core,1,2021-01-21,0,앱 실행 시마다 간편 인증을 사용하도록 유도해서 사용하지 않는 입장에선 상당히 불편합니다 환경설정에 로그인 방식 설정을 해도 동일하네요
1879,추모시설운영처김경아,5,2021-01-21,0,괜춘 예전보다 낫네요
1880,정기선,5,2021-01-21,0,만족합니다
1881,장응빈,5,2021-01-20,0,굿
1882,wonsook jo,5,2021-01-20,0,편리하게 이용하고 있습니다
1883,SungYung Choi,5,2021-01-20,0,굿
1884,준9,5,2021-01-20,0,편하네요
1885,강수.,5,2021-01-20,1,얼굴인식 기능 쓰기 편하고 로그인 빠르게 할 수 있어서 좋아요 각종 기능 사용하기도 좋은 것 같아요
1886,김규리,1,2021-01-20,0,얼굴인증 잘 됐는데 업데이트되고 왜 안 되나요
1887,김호창,3,2021-01-20,0,앱 좀 그만 바꿔라 귀찮아 죽겠다 이제 뭐가 무슨 앱인지 헷갈린다
1888,미야네,5,2021-01-20,0,타은행에서 하나은행으로 주거래 은행 바꾸고 있습니다 앱이 너무 편해요
1889,이민혜,5,2021-01-20,0,좋아요
1890,이태곤,5,2021-01-20,0,좋아요
1891,최성일,5,2021-01-20,0,쉽게 할 수 있네요
1892,촌데레,1,2021-01-20,0,얼굴인증하고 로그인하고 이용까지 했는데 나중에 다시 로그인하면 다시 인증하라고 지금 벌써 4번째임 짜증 나서 삭제하고 다시 설치 중인데 또 그러는지 한 번 봅시다
1893,김재삼,5,2021-01-20,0,좋아요
1894,Hyunjoon Kim,1,2021-01-20,0,별 하나도 아까움 지문인증 안돼서 아래 다른 사람이 쓴 글 답변 참고해서 했는데 그래도 안됨 답변 달아주는 사람 당신이 직접 해보고 글을 써라 좀
1895,강민제,1,2021-01-20,0,어플이 너무 느릿느릿함 누를 때마다 한번 기다려야 함
1896,김용진,1,2021-01-20,0,좋습니다
1897,didi long,1,2021-01-20,0,심플 이체 아직도 없네요 원래 있던 기능 그대로 쓰게 해달라는 게 그렇게 어려운 일인가요
1898,루시우스,1,2021-01-19,0,인증센터는 사람이 직접 운영하는 것처럼 메시지가 일정 시간 지나서 폭탄처럼 한꺼번에 옴 ARS 인증은 잘 되지도 않고 삭제 후 재설치 몇 번 하고 그 어떤 은행 어플보다 최악이다 거주지 근처 은행도 없고 앞으로 두 번 다시 쓸 일 없겠네요 PS 운동하다가 열받아 죽는 줄 알았네 코로나보다 더 개화 나네
1899,이승호,5,2021-01-19,0,좋은 어플
1900,고성득,3,2021-01-19,0,작동이 저만 지금 안되는 건가요
1901,이닷나옹이가조아요,2,2021-01-19,0,잘 쓰고 있었는데 계속 오류라고 잠시 후 로그인하라 나오고 답답해서 앱 삭제 후 재설치하면 처음엔 되다가 또 오류라고 잠시 후 로그인하라는 무한 반복
1902,Chang Seok Kim,2,2021-01-19,18,계좌이체를 하려는데 잔액이 부족하다며 실행이 되지 않아서 결국 은행을 방문해서 처리했네요 은행에 가서 행원 앞에서 다시 실행했는데도 역시 실패했고 행원도 잔고가 충분한데 왜 그런 오류가 나는지 이해가 되지 않는다고 했습니다 급기야 이제는 실행도 되지 않네요 앱 안정성이 이렇게 떨어지는 건가요
1903,ᄇᄀ,1,2021-01-19,0,라니 안 둘 오가지면 어떡하라는 거예요 이게 지금 말이 되는 상황
1904,jay w,1,2021-01-19,0,앱 실행에 반복적 오류라고 자꾸 떠서 지웠다 깔아도 안되네요 잘 쓰고 있었는데 무슨 일이죠
1905,Sung-jin Ko,1,2021-01-19,0,아주 후진 앱 대형은행이 만든 게 맞는 건지 여러 개로 분리해서 만들었는데도 무거워서 그런 건지 작동 잘 안되고 후짐
1906,김주환,1,2021-01-19,0,오류가 자꾸 뜨고 실행할 수 없다고 나와요 짜증 나요
1907,유동현,2,2021-01-19,0,앱 실행 중 오류라고 뜨면서 실행이 안돼요
1908,Woo Young kwak,1,2021-01-19,1,앱 업데이트하더니 안 들어가지고 계속 튕김 결국 삭제
1909,Eunseok Kim,1,2021-01-19,0,무한 로딩 아휴 답답하다 주거래 은행을 바꾸든지 해야지
1910,Adelia Lee,1,2021-01-19,0,왜 실행이 안 돼요 오류 진짜 너무 자주 발생해요
1911,어쩌란거,1,2021-01-19,0,오류 나고 튕기고 오늘 왜 이러는 거죠
1912,멍때리기,1,2021-01-19,0,앱이 농협만도 못하면 국내 시중은행권이라고 할 수나 있나 돈 백 보내는 것도 전화도 받아야 해 공인 인증도 해야 해 인증카드도 해야 하고 하나 오래 썼지만 보안 좋다 이거예요 근데 뱅킹 잦을 땐 내가 오죽하면 농협에 이체했다가 농협서 보냄 농협은 보안 없어서 그리되나 하나가 주 거래고 혜택 좋다 해서 쓰지만 좀 과함 새어 풀도 느려터짐
1913,o a,1,2021-01-19,0,열리지도 않아
1914,하하하하,3,2021-01-19,0,홍채인증은 사라진 건가요 밖에서 마스크 벗기도 힘든데 얼굴인증 아니면 지문인증이라니 홍채인증으로 로그인하는 것이 다시 가능해졌으면 좋겠습니다
1915,Byeong-yul Ha,5,2021-01-19,0,KB랑 비교하면 선녀
1916,허권구,5,2021-01-19,0,편하고 좋아요
1917,이원익,2,2021-01-19,0,훨씬 불편해졌어요 계좌이체 시 자주 쓰는 계좌에서 이름으로 검색할 수 있었는데 기능 추가 안 되나요
1918,남정희,5,2021-01-19,0,편리함
1919,영섭님,1,2021-01-19,8,앱 정보 확인 중이라고만 뜨고 첫 화면이 안 넘어갑니다 왜 되다 안되다 합니다 겔 10 5G입니다 업그레이드한 게 왜 이 양입니까 카드 비용 이체해놔야 하는데 며칠째 못 들어가고 단돈 10만 원 이체 못해놔서 연체자 되는데 어플서 안돼서 다시 깔아봐도 앱 정보 확인 중 c1 c2 만 뜨고 은행 가야만 하는 불편함을 이 어플 때문에 해야 하나요
1920,Kevin Yang,5,2021-01-19,0,굳 편하고 좋어요
1921,kianu,4,2021-01-19,0,좋아요
1922,Cha Gun Wook,3,2021-01-18,0,내 자산연구소에서 무한 업데이트 진행되어 다른 자산 추가를 할 수 없습니다
1923,임두업,5,2021-01-18,0,굿굿
1924,김명주,2,2021-01-18,0,얼굴인증 오류가 나더니 인증 안됩니다 재등록해도 그다음엔 인증 안되고 프로그램이 충돌해서 그렇다고 삭제하고 다시 깔라고 해서 그리했는데도 잘 안되네요 원인 파악을 제대로 하셔서 프로그램 보완하셔야 할 듯
1925,변근호,4,2021-01-18,0,메리츠화재 보험사 등록이 안됩니다
1926,최지승,1,2021-01-18,0,ARS 인증해도 인증이 되지 않아 비밀번호 재등록이 안됨
1927,소연채널,5,2021-01-18,0,좋아요
1928,전훈도,4,2021-01-18,0,자산 관리에서 미래에셋대우 해외 주식은 관리가 되지 않습니다
1929,이경호,1,2021-01-18,0,접속할 때마다 시작하기가 계속 뜹니다 인증을 몇 번씩 했는데도 할 때마다 떠서 계속 인증받기가 짜증 납니다
1930,박건일,1,2021-01-18,0,머고 인증하면 또 인증 계속 초기화시키삐 노 며칠 몇 시간 간격으로 계속 하라 하니 좀 단단히 해라
1931,채우현,5,2021-01-18,0,편해요
1932,나중열,5,2021-01-18,0,사용하기 편합니다
1933,김용욱,5,2021-01-18,0,좋아요
1934,박강수,1,2021-01-18,0,새로운 개발자를 찾으세요 초등학생도 어플 이것보단 잘 만들 겁니다 네트워크 오류 개판으로 뜨고 비밀번호 눌러라 해놓고 키패드도 안 나오고 반응도 안되게 해놓으면 어플 쓰라는 겁니까 말라는 겁니까 3G로 어플 개발했나 반응속도 진짜 십 년 전에 멈춘 거 같네요
1935,Hyungwoo Kim,5,2021-01-18,0,편리합니다
1936,유우리,4,2021-01-18,0,전보다 간단해져서 좋아요
1937,홍기태,1,2021-01-18,0,앱이 깔리지 않고 지우고 다시 해도 안되고 새 버전 불편한 게 너무 많아요 구 버전에 있던 입출금 특정인 확인이 안되고 전체로만 검색이 돼 무지 불편하네요
1938,정미희,5,2021-01-18,0,정말 편하고 간단 명료하네요
1939,s g,1,2021-01-17,7,최악 이것 땜에 은행 갈아탈 판 또 로그인 갈아엎고 공인인증서 비번 맞게 쳐도 안됨 개발자들 왜 자꾸 연습을 돈 받고 하는지 모르겠네요 다른 은행들 따라라도 하던가 최근 계좌도 지우기도 없고 누가 리뷰 처음 남긴다는 말 완전 공감 오죽하면 속 터져서 구글 플레이에 글을 다 남김
1940,김일절맨,1,2021-01-17,2,기존 어플 잘 쓰고 있었는데 대체 왜 바꾸라는 건지 이해도 안 가고 인터페이스도 훨씬 불편하고 등록해 놓은 적도 없는 얼굴인식은 왜 자꾸 하라는 건지 얼굴인식 기능 꺼두는 것도 없고 뭘 어쩌라는 건지 그냥 이전 어플이나 쓰게 해줘요 지문등록 새로 하려고 해도 얼굴 등록부터 하라고 뜨질 않나 짜증 나 죽겠네 얼굴인식 기능 불편해서 사용하기 싫다고요 답변은 왜 로그인만 알려주시는 건데요 로그인은 이미 자동 설정해둬서 상관없고 그거 말고 이체할 때 말입니다 얼굴인식 왜 자꾸 뜨는데요
1941,이영호,1,2021-01-17,0,지문인증을 하려면 지문등록을 하라하고 지문등록을 하라 하면 지문을 인증하라 하고 로그아웃시키고 있음  아니 지문등록을 어떻게 하라는 거임 그리고 누가 요즘 세상에 아디 비번 치고 매번 들어가겠어 개발자 머리 수준이 얼마나 구시대적인 거야 어이가 없네요
1942,레스토랑 일산티파니,5,2021-01-17,0,안전하고 편리해요
1943,륜덻,1,2021-01-17,0,무한 로딩에 접속도 못하고 구 버전보다 더 안 좋게 만들어서 봐야 할 업무도 못하고 편하자고 한일에 은행 가서 일봐야 하고 짜증 나네요 이럴 거면 구 버전도 쓸 수 있게 해주세요 별 하나도 아깝네요
1944,오호성,5,2021-01-17,0,좋아요
1945,박옥희,5,2021-01-17,0,편리하고 상세해서 좋아요
1946,허영식,5,2021-01-16,0,좋아요
1947,K Min,1,2021-01-16,25,공인인증서로 로그인하자마자 이용자 비밀번호 변경하라는 메뉴가 무조건 뜨고 새 비밀번호 입력해도 장기니 사용 이체 정지 고객은 이체성 거래가 불가능하다며 그 어떤 진행도 안됩니다 아니 비번 번경 하라면서 이게 왜 이체성 거래 야 내가 국어를 잘못 이해하고 있나
1948,정권화,1,2021-01-16,0,앱 실행하면 계속 닫혀버리네요 사용할 수 있게 빨리 수정해 주세요
1949,Steve Jung,5,2021-01-16,0,굿
1950,김보영,1,2021-01-16,0,이벤트 페이지 점검 좀 해주세요
1951,SO KA,5,2021-01-16,0,괜찮음
1952,진우,3,2021-01-16,0,하나 알림이를 깔야 야지 push 알람 받을 수 있나요 이 앱에서 push 알림 설정해서 실험해보니 push 안 오던데요 문자 말고 유료 push 알림 무료 설정법 설명 부탁드립니다
1953,빈빈,3,2021-01-16,0,비대면 계좌 개설하려는데 신분증 촬영이 안 돼요
1954,임경수,1,2021-01-16,0,안드로이드 11업데이트 후 간편 인증이 자꾸 실패합니다 최악의 어플
1955,건강최우선,2,2021-01-16,0,공인 공동 인증서 갱신이 안됩니다 기존 것을 갱신해도 2021년 1월 18일까지 새로 발급해도 2021년 1월 18일까지입니다 그래서 공인 공동 인증서를 폐기했습니다 그런데 문제가 발생합니다 공동 인증서를 폐기했으니 아이디로 로그인했습니다 이체를 합니다 중간에 인증서를 요구합니다 그런데 공인 공동 인증서만 인증 요구합니다 금융 인증서 선택은 아예 안됩니다 결국은 이체를 못합니다 혹시나 싶어 금융 인증서를 따로 만들어 놨습니다 그래서 다른 로그인 방식에서 금융 인증서로 로그인해봤습니다 이체를 시작합니다 계좌 비번을 넣습니다 OTP 넣습니다 이체 성공했습니다 아이디로 로그인해도 인증서 인증을 금융 인증서도 선택해서 인증할 수 있게 해줘야 할 것 아닙니까 이체를 못해서 왜 그런지 한참 생각을 하고 안되는 공인 공동 인증서를 재발급 받고 또 갱신하고 뭐가 잘못된 줄 몰라고 한참 씨름했습니다 확인 좀 해보시죠 평일 전화 상담해보겠습니다
1956,이이한상,1,2021-01-16,0,지금 접속이 안돼요
1957,김재용,2,2021-01-16,20,전에는 예약이 체 기능이 있었는데 이번 앱에서는 계좌이체  예약이 체 체크하도록 되어있는데 더 심플하게 하려고 한건 이해하겠는데 계좌 잔액 없으면 예약이 체 자체가 불가능한 건 말이 안 되지 않나요 예를 들면 25일 날 월급이 들어와서 25일에 예약이 체 미리 해두려고 하는데 지금 당장 계좌에 잔액이 없으니 예약이 체 불가능합니다 이거 수정 좀 해주세요
1958,이경훈,5,2021-01-16,0,사용하기 편리합니다
1959,김만기,1,2021-01-16,0,원이네
1960,장하군,1,2021-01-15,0,이체하려는데 계좌 입력하는 창이 스르륵 올라왔다 사라져요 무슨 이런 은행 어플이 있죠
1961,용준혁,1,2021-01-15,0,타은행 계좌 보내는 걸 만들질 말든가 내가 사진 촬영을 100번을 넘게 했는데 되지도 않고 타은행 넣는 거만 되고 타은행 계좌에서 빼오는 건 하나도 안되고 뭐 어쩌라는 겁니까 사진 찍는 거 뭐 조도 신분증 명확도 이딴 것도 신경 써야 하고 뭔 신분증 확인에선 넘어가질 않고 뭘 할 수가 없게 해놨잖아요
1962,김성범,1,2021-01-15,0,1점도 아깝네요 왜 쓸데없이 얼굴인식을 강제 설정해놔서 스트레스받게 합니까 직업 특성상 카메라 봉인해야 하는데 이체하려면 얼굴인증해야 하네요 이거 때문에 공과금도 못 내고 있어요 얼굴인증 안 되면 공인인증서로 인증하는 방법도 있고 지문인식도 있는데 등록하려면 꼭 얼굴인증해야 되나 싶네요 2021년 1월 15일 얼굴인증하라고 또 뜨네요 미치겠네요 스트레스가 이만저만이 아닙니다 하라는 대로 했는데 한 번은 안 나오더니 다음 이체부터 또 나옵니다
1963,이름,1,2021-01-15,0,리얼 세상 불편 내가 구글 플레이에서 리뷰 남긴 건 진짜 처음인데 짜증 나서 리뷰 남기네요 아니 왜 뭐만 하면 계속 로그인 창으로 넘어가죠 그리고 회원가입할 때 키보드 켜진 상태에서 뒤로 가기 누르면 키보드가 없어지는 걸로 수정해주세요 계속 앞 페이지로 넘어가서 내용 초기화되는 거 진짜 짜증 납니다 아이디 비번 주소만 몇 번 쳤는지 몰라요 진짜 개불 편 설정 좀 만지려 하면 계속 왜 로그인 창으로 넘어가는지도 모르겠고
1964,유제일,5,2021-01-15,0,편함
1965,yeoncheol Jeong,5,2021-01-15,0,왠지 각 메뉴 접근이 쉽지 않아요
1966,joy tv,1,2021-01-15,0,펀드 선택에 있어서 검색 좀 할 수 있게 해주세요 로보가 포트폴리오 보여주면 뭐 합니까 일일이 찾아야 하고 그 많은 펀드 중 어디 있는 줄 알고
1967,김상,2,2021-01-15,0,한도 증액하려고 비대면 인증하는데 업데이트 전엔 잘 되던 게 아무리 해도 안 됨 지점 가라는 멘트나 띄우고 이게 뭐지 싶음
1968,이승호,5,2021-01-15,0,좋아요
1969,jy W,1,2021-01-15,0,은행 수준에 걸맞은 쓰레기 앱  진짜 욕 밖에 안 나온다 방금 모바일 OTP를 등록하고 이체하려는데 정보가 안 맞는단다 정보가 안 맞는다는 어처구니없는 메시지만 반복하길래 상담사한테 물어보니 정보 안 맞는다고 메시지를 받은 그 메뉴로 들어가서 다시 하란다 당연히 똑같은 메시지 받았지 이따위로 장사할 거면 접어라 돈 받아먹는 것 말고 할 줄 아는 것 없는 은행 같으니라고 그리고 몇 년 전부터 느끼는 건데 구 버전이나 신버전이나 껐다 켜면 해결되는 오류가 이 앱은 왜 이렇게 많음 그리고 모바일 OTP 10시 14분에 발급했는데 너희들 마음대로 없앰 상담사한테 묻고 묻고 돌고 돌고 폰을 껐다 켜라느니 어플을 껐다 켜라느니 업데이트를 하라느니 온갖 짓을 다 하고 10시 51분에 열받아서 재발급했더니 51분에 발급된 것만 남아있고 14분에 발급한 건 아예 남아 있지도 않네 계좌도 이런 식으로 소멸 시키는 거 아닌가 아주아주 불안한 은행
1970,rollingom,1,2021-01-15,0,쓰레기네요 접근성 편의성 다 엉망이에요
1971,고은혜,1,2021-01-15,0,다른 분들 말씀처럼 간편 인증 초기화 제 명의 아니고 동생 명의 핸드폰 쓰는 때 카드 인증이 나 계좌로 인증도 안되고 다시 등록하려고 했더니 하다 말고 계속 첫 화면으로 넘어가고 인증서 만료기간이라 갱신하고 왔더니 재등록하라고 하고 등록하려니 통신사 인증하라고 하고 이대로라면 저는 평생 이 어플 접속 못하겠네요
1972,유유유,4,2021-01-15,0,전에 사용하던 구하나 은행 어플에서는 이체 시 보안코드를 입력하지 않아도 됐었는데 새로운 어플에서는 보안 코드를 매번 입력하라고 하네요 이체 시 보안코드를 입력하지 않도록 설정할 수 있나요
1973,라스칼개,1,2021-01-15,0,푸시 알림 안 받는다고 설정했는데 앱 기능 광고 푸시가 왜 오나요
1974,권순이,1,2021-01-15,0,학자금 대출을 하려 하는데 어플을 어떻게 깔아야 할지 모르겠어요
1975,Jk Lee,1,2021-01-15,6,지문인증으로 잘 사용 중이었는데 왜 초기화시키나요 모바일 인증 발급 유도하려 배치를 바꾼 거 같은데 초기화면이 무슨 광고판도 아니고 로그인 화면을 그렇게 운영하는지 그러려니 하고 지문자 등록하려 하니 간편 인증 어쩌고 메시지만 뜨고 지문등록도 안되고 액 삭제 후 재설치 하라는 성의 없는 답변 말고 방법을 안내해주세요
1976,복코,1,2021-01-15,0,사용하기 불편해요 오히려 예전 앱이 사용하기 좋아서 예전 앱을 계속 사용하게 되네요
1977,HMK0307,1,2021-01-14,0,하나원큐 실행이 안돼서 짜증 나네요 빨리 조치 부닥드립니다
1978,박문현,2,2021-01-14,0,업데이트하고부터 얼굴인증 안됨 재등록하려고 해도 얼굴인식을 못함 삼성 갤럭시 s20 사용자임 빠른 답변 부탁드립니다
1979,이우준,3,2021-01-14,0,내 자산연구소에서 공인인증서로 나 계좌들을 연결했습니다 이후 공인인증서를 갱신했는데 자산 내역 업데이트가 멈추질 않네요 다른 메뉴들은 업데이트 중이라 선택이 안 되고요 업데이트를 중간에 멈추거나 연결을 끊게라도 해 줘야 어디 계좌 연결이 문제인지 파악할 텐데 아예 아무 메뉴도 건드릴 수 없는 상태가 지속되네요 확인 부탁드립니다
1980,teak jung kwon,1,2021-01-14,0,켜지지도 않고 로그아웃 후 로그인을 누르면 다른 로그인 방법으로 선택도 안 됨
1981,쿠츠,1,2021-01-14,0,왜 이렇게 앱을 쪼개났는지 모르겠음  어쩔 수 없이 쓰긴 하는데 너무 불편함
1982,Jooyoung Ahn,3,2021-01-14,0,계좌번호 등록하고 입출금 푸시 알림을 체크했는데도 알림이 오지 않아요
1983,Hanseok Kim,5,2021-01-14,0,좋아요
1984,초등온라인개학,5,2021-01-14,0,펀드 가입할 때 인터넷 뱅킹처럼 상세검색이 좀 더 잘 되었으면 좋겠어요
1985,john doe,1,2021-01-14,0,인증을 하라고 해서 인증 문자 받으러 나가면 앱 재시작해서 또 첨부터 시작 3번째에서 포기
1986,SJ Roh,5,2021-01-14,0,편해요
1987,까미뽀미,1,2021-01-13,0,차라리 은행 가는 게 더 빠를 듯
1988,Uj Y,1,2021-01-13,0,새 버전 진짜 별로임
1989,김미스터,5,2021-01-13,0,편하네
1990,찬찬,1,2021-01-13,1,진짜 어플 개 뭣 같이 만들었네
1991,옹씨,1,2021-01-13,1,너무 느리고 계속 느낌표 뜨면서 튕겨요 
1992,찡찡찡,4,2021-01-13,0,좋아요
1993,JH,5,2021-01-13,0,갈수록 사용하기 편리해지고 있어서 추천합니다
1994,장순선,5,2021-01-13,0,사용해보니 편리하네요
1995,서종민,5,2021-01-13,0,직관적이어서 좋아요
1996,변동훈,1,2021-01-13,0,아니 모바일 오티피 재발급 만들어가면 튕기는데 진짜 이거 쓸 수가 없네 은행을 바꿔야지
1997,강다경,5,2021-01-13,0,간편하네요
1998,이호건,1,2021-01-13,0,새로운 기능이 추가되는 건 좋은데 로그인을 방해까지 하네요
1999,타노스,1,2021-01-13,1,하나은행은 앱 개발 위탁하던지 하지 마라 그냥 인증을 몇 번 한 건지 어이가 없어서 화도 안 나네 앱 때문에 은행 이용 안 한다
2000,양동이,1,2021-01-12,0,자꾸 오류 남;;;
2001,MJ dream,1,2021-01-12,0,기존에 있던 앱을 지우고 다시 받는 것도 번거롭고 사용자 편의성이 개선된 것도 잘 모르겠습니다
2002,완떡대,1,2021-01-12,4,자꾸 새로운 거 쓰라고 나오는 게 귀찮아서 받아보니 뭐가 시작부터 로그인하기도 힘들게 해줬네요 시작하기 누르고 힘들게 다했더니 카메라로 인증하라는 거 취소하니까 거기서 멈춰버리는데 얼굴인증은 아이폰도 아닌데 왜 해야 하는 건지 모르겠고 이렇게 힘들게 해야 하나 싶어지네요 핀테크 하고 싶은 건 알겠는데 어르신들 생각도 좀 하면서 만들면 좋겠네요 칼뱅이나 케뱅같은건 쓸 생각 없으니
2003,천혜연,3,2021-01-12,0,아침부터 앱이 왜 실행이 안되죠
2004,이재욱,5,2021-01-12,0,편해요
2005,Yu JU SeRa,1,2021-01-12,2,갑자기로 그인 방식 변경되고 늘 쓰던 방식 이렇게 불편하게 바꾸다니 나이 든 사람들 이렇게 변경하면 짜증 남 심플이 체도 없애고 패턴 로그인 없애고 완전 짜증 남 다시 돌려놓기
2006,이간지,5,2021-01-12,0,편리하고 좋습니다
2007,유황주,5,2021-01-12,0,좋아요
2008,o또바기,1,2021-01-12,0,왜 갑자기 안 들어 가지는 거죠 다른 은행 어플은 다 들어가지는데 관리 진짜 어휴
2009,휘베른,1,2021-01-12,0,아니 하나금융 투자 자체가 안 보이는 건 뭔가요 계좌 접근 자체가 안되게 밑에 먹줄로 되어있는데 동일 금융인데 왜 원류 프로에서는 해외계좌 연동이 안 되나요
2010,GIVEPOT COMPANY,5,2021-01-11,0,정말 좋네요 감사합니다
2011,양기,1,2021-01-11,0,멈추고 끊기고 비대면 계좌번호 변경할라니까 터치 안돼서 막히고 최악입니다 0점이 없는 게 아쉽네요
2012,Mi Yun,1,2021-01-11,48,대체 새 버전을 왜 만든 건지 모르겠습니다 기존 어플도 세월아 네월아 느려터졌었는데 새 버전은 더하네요 다시 보니 구 버전은 선녀 같네요 인내심 시험하는 건가 싶어요 구 버전이라도 계속 쓸 수 있게 해주세요 1초 인증 10초 이체라 뜨는데 웃고 갑니다 하나은행은 손절하는 게 답인가 싶습니다
2013,김태호,5,2021-01-11,0,굿
2014,BK Kim,1,2021-01-11,12,금융권 어플 중 최악 타사와 전혀 다른 방식으로 메뉴를 배치해 찾고 싶은 내용을 찾기가 매우 힘듦 다음 달 혜택을 위한 실적 확인 등 그렇다고 메뉴가 쉬운 것도 아님 고객센터에서 찾기 기능도 없어서 확인이 어려움 FAQ만 제공 결제만 하는 것 외에 포인트 등 확인도 안됨
2015,코코봉자,3,2021-01-11,0,심플 이체 빨리 만들어주세요 매달 7건씩 이체해야 하는데 일일이 누르고 적고 많은 시간이 소요되는 건 아니지만 있다가 없으니 손가락이 피곤하네요
2016,룰루랄라,3,2021-01-11,0,210111 17시 30분 현재 앱이 실행이 안되네요 조치 좀 해주시기 바랍니다
2017,주혜,1,2021-01-11,0,최악
2018,elsa lee,1,2021-01-11,0,하루 종일 어플에 들어가질 못하고 있어요 은행 어플 중에 정말 별로입니다 이용에 굉장한 불편함을 가지고 있습니다 신속한 개선이 필요합니다
2019,릶,1,2021-01-11,0,갑자기 얼굴인증 과정이 기본이 되도록 강제로 바뀐 이유가 뭔가요 바이오 어쩌고 안 쓰는데 카메라 권한이 왜 필요한 지도 모르겠고 권한이 없으니 기본적인 이체도 못하네요 요새 밖에서 마스크 벗지도 못하는데 이체 한 번 하려면 꼭꼭 집에서만 해야겠네요 지문인증만 있던 구 버전이 훨씬 편했고 신버전 어플의 메리트를 전혀 못 느끼고 있는 데다 불편하고 불쾌합니다
2020,양지선,5,2021-01-11,0,좋아요
2021,박상언,5,2021-01-11,0,편하고 좋습니다
2022,ck yi,1,2021-01-11,2,기존에 쓰던 간편 인증은 삭제된 겁니까 아니면 또 업데이트하면서 오류입니까 기존 간편 인증은 삭제된다고 사전 공지를 하든지 멋대로 삭제하고 진짜 어이없군요
2023,H k,1,2021-01-11,0,간편 인증을 했는데 다시 해야 하게 만들었네요 간편 인증이 간편 인증이 아니네요 확인하고 수정해주세요 아우 불편
2024,정재희,1,2021-01-11,0,업데이트 이후에 자동 로그인 안 되고 자동 로그인 등록하려고 하몈 로그아웃돼서 로그인 후에 하라고 하고 무슨 도르마 무냐
2025,황주현,5,2021-01-11,0,감사합니다
2026,lee sangjin,5,2021-01-11,0,쉽게 되었네요
2027,SOOBEEN LEE,1,2021-01-11,4,공인인증서 없이 시작하는데 핸드폰 정보가 잘못되었다고 계속 에러 메시지가 뜹니다 통신사 번호 모두 확인하였습니다 조치 부탁드립니다  위 안내사항대로 삭제 후 재설치 하였으나 인증번호 요청 시 휴대폰 본인인증이 안된다고 합니다 처음에는 인증번호가 와서 입력했더니 에러가 났고 이제는 인증번호조차도 오기 전에 에러가 납니다 오늘 적금 만기일인데 빨리 조치해주세요
2028,vero artisto,1,2021-01-11,0,로그인 한에 간편 로그인 등록하려고 해도 안돼서 아이디로 로그인하고 나서도 휴대폰 본인인증이 계속 안되는데 이거 왜 만들었어요
2029,최종훈,5,2021-01-11,0,편해요
2030,박JJ,1,2021-01-11,1,잘 쓰다가 이번 인증 때 작동이 안 됨 폰 번호가 맞질 않다부터 인증번호를 받고 나면 인증번호가 맞지 않다는 에러기 뜸 덕분에 이체도 못하고 아주 최악의 오전을 보냄 10분 걸려 받은 고객센터는 폰을 껐다 키면 된다 하는데 당연히 안되고 그냥 대실패 앱인 듯
2031,chris park,5,2021-01-11,0,대출 용이
2032,이화용,5,2021-01-11,0,좋아요
2033,Eric Kim,1,2021-01-11,0,업데이트하고 간편 로그인 핸드폰인 증 계속 실패하네요
2034,하이쿠야,1,2021-01-11,0,돌았나 이체가 안되잖아  미친 아침 장부터 조져났네 뭐 이럽니까 주거래통장이라 억지로 쓰는데 뭐 이체도 안되고
2035,이재희,1,2021-01-11,12,얼굴인증 소액 OTP 없이 간편 이체 간편 비밀번호 다 등록해놓고 잘 쓰고 있었는데 갑자기 다 초기화되어있고 아무것도 등록이 안 되어있다고 합니다 급하게 이체할 일 있는데 이게 대체 뭔가요 업데이트할 거면 제대로 하시던가요 정보 다 초기화시켜놓고 참나 기가 막히네요
2036,큰소나무대니,1,2021-01-11,0,인증서 갱신하는데 스마트 인증 반응도 없고 ARS 인증 후 otp 시 비번 넣으라는 줄 알고 기입해도 틀렸다는 문구도 없이 반응 없는 상태로 계속했더니 10회 오류라고 영업점 방문하라 하니 이게 무슨 귀찮은 짓을 초래하게 만드는 앱인가 안될 거면 목록에서 빼던가 실망이네요
2037,Home Welcome,1,2021-01-10,0,아니 설정 다해놨는데 앱 업데이트하니까 로그인 정보니 뭐니 다 초기화되는 게 뭔 앱이 이따위입니까
2038,ᄋᄋ,2,2021-01-10,4,앱 바뀌고 나서 공인인증서 사용할 때 잘 쓰던 공인인증서가 없다고 나와서 새로 발급받아 다시 쓴 적이 있었는데 지금은 간편 인증 지문 로그인으로 설정해서 쓰다가 앱 켜니까 또 한편 인증정보가 없어져 다시 인증하라고 하서 다시 등록했네요 왜 자꾸 인증수단이 없어지는지 궁금합니다 폰 번호 바뀐 적 없고 다른 기기에서 로그인한 적도 없어요
2039,김지영,1,2021-01-10,0,진짜 기본적인 이체 문제부터 공인인증까지 모든 게 더 불편하네요 이럴 거면 왜 어플을 다시 만든 건지 진심으로 의문이 듭니다
2040,창우김,1,2021-01-10,0,본인인증을 대체 몇 번을 해야 하는지 쓰다가 잊을만하면 다시 본인인증해야 하고 은행 어플 중 최악
2041,박영수,5,2021-01-10,0,잘 사용하고 있습니다
2042,니지,1,2021-01-10,0,진짜 느리네 짜증 이기회에 은행 갈아탈까 봐
2043,오백균,5,2021-01-10,0,좋아요
2044,유미리,4,2021-01-10,1,잘 쓰고 있었는데 갑자기 얼굴인식 시스템이 작동이 안 되네요 휴대폰 인증을 하라고 나오는데 개인 정보를 전부 입력해야 하는데 조금 불안하네요 해야 되는 건가요
2045,김성순,5,2021-01-10,0,잘 만든 거 같아요
2046,조정연,5,2021-01-10,0,좋아요
2047,이름,5,2021-01-10,0,굿
2048,박찬휘,1,2021-01-10,6,기존 어플은 잘 되니까 문의 넣지 않았겠음 당연히 os는 업데이트 꼬박꼬박 하고 있고 기존 어플에서 공인인증서로 잘되고 타은행에서도 잘 되는데 이 어플에서만 안됨 새 어플 내면서 가장 기본적인 테스트도 안 하고 내니까 화내지
2049,백인찬,5,2021-01-10,0,편리해요
2050,영지,1,2021-01-10,11,왜 간편 인증돼있던 게 삭제된 거예요 얼마 전에도 잘 쓰던 게 지금은 등록 자체가 안 되어있다고 뜨네요 간편 비번 누르면 로그인도 쉽고 이체도 쉬운데 왜 갑자기 얼굴인식 같은 것과 함께 재가입해야 하나요 다른 방식으로 로그인하면 간편 인증 없는 기존 방식이고 심지어 이체하려고 하는데도 또다시 자물쇠 카드가 부활했네요 바이오 어쩌고 별로 가입하기 싫은데 이거야 원 불편해서 쓰겠나요
2051,Jiheong Jeong,1,2021-01-09,0,앱이 열리지 않아요 다시 다운로드하고 전원도 껐다 켜도 앱 실행이 전혀 안되네요
2052,소신자,5,2021-01-09,0,펀드 신규 편리해요
2053,kinokino cho,1,2021-01-09,0,이체할 때 왜 계좌번호 붙여넣기 기능이 없을까요 너무 불편해요 개선 좀 해주세요
2054,HM J,1,2021-01-09,0,간편 로그인 돼서 조회 이체 편하게 하고 있던 거를 왜 이따위로 복잡하게 만들어놓은 건가요 1주 전만 해도 자물쇠 카드 없이 잘 썼는데
2055,오늘 더행복하기,5,2021-01-09,0,좋아요
2056,Minsuk Eom,1,2021-01-09,2,이체할 때 계좌번호 복사 붙여넣기가 안 돼서 불편하네요
2057,Jihye Kim,3,2021-01-09,0,지문으로 송금 못하나요 매번 비번 치기 너무 귀찮네요
2058,김현미,3,2021-01-09,0,용량이 큰 건지 제 저장공간이 많이 찬 건지 업데이트가 잘 안돼요 이럴 땐 방법이 뭔가요
2059,김성환,3,2021-01-08,0,할 수 없어서 설치
2060,Hen Woo Cheoung,5,2021-01-08,0,너무 편합니다
2061,서송하,5,2021-01-08,0,좋아요
2062,정재훈,1,2021-01-08,0,너무 불편해요 바뀌기 전이 훨씬 나은듯합니다
2063,오짱,5,2021-01-08,0,편하게 이용하기 좋아요
2064,남민승,5,2021-01-08,0,노하요
2065,김동진,5,2021-01-08,0,편리하네요
2066,이페리,5,2021-01-08,0,편리해요
2067,MJ Lee,1,2021-01-08,0,하나은행 한 계좌를 폰 두 대에서 따로 접속하니 간편 인증받은 게 다 없어져 버리네요 바뀐 앱은 폰 한대에 밖에 안되는 건가요
2068,자유영혼,5,2021-01-08,0,편합니다
2069,Jamie Kim,5,2021-01-08,0,편리해요
2070,Sunsook해바라기 Jo,5,2021-01-08,0,본인의 은행거래 확인 쉬워서 좋아요
2071,케이진,5,2021-01-08,0,비대면 서비스는 앱 중 신한과 함께 Top 2네요
2072,문종석,1,2021-01-08,0,최근 업데이트되면서 기존에 등록한 모바일 otp 설정 다시 해야 함
2073,송정호,5,2021-01-08,0,좋아요
2074,김태린,1,2021-01-08,0,전 앱이 좋음
2075,라온제나,4,2021-01-08,0,깔끔함
2076,오린이,1,2021-01-07,0,최악
2077,알파,1,2021-01-07,4,다 좋은데 이미 가입된 통장이 있지만 다른 통장으로 전환할 때 비대면으로 다시 만들어야 한다는 게 좀 그렇네요 버그 수정해주세요
2078,김우진,1,2021-01-07,0,왜 안 켜지나요 뭐 데이터 캐시 삭제하고 삭제했다 다시 깔고 폰 껐다 키고 하라는 거 다 했는데 안 켜져요 로딩 대는 앱에서 계속 멈춰있어요 어떻게 하라는 건가요
2079,James Sangdeok CHUNG,5,2021-01-07,0,편리하고 좋아요
2080,쿨쿨,1,2021-01-07,0,실행이 원활하지 않고 끊겨요
2081,LeaH,1,2021-01-07,0,모바일 OTP 발급을 위해 주민등록증 촬영 화면으로 넘어가려고 하면 앱이 튕깁니다 안드로이드 10 갤노트 20울트라 사용 중입니다 신속한 패치요
2082,이성,1,2021-01-07,0,갤럭시 A80입니다 계좌개설만 누르면 앱이 튕깁니다 재설치 껐다 켜기 소용없습니다
2083,류준안,5,2021-01-07,0,좋아요
2084,YoungGon Choi,1,2021-01-07,8,이체가 불편하고 이전 버전에서는 펀드의 경우 추가 매수가 쉬웠는데 업데이트 후에는 계좌번호를 외우고 있어야 하는 등 사용하지 않을 기능은 많아지고 정작 자주 사용하는 기능은 어렵고 찾기 힘들어져서 예전 버전으로 돌아가고 싶으니 예전 버전 올려주세요
2085,남해마루,5,2021-01-07,6,사용에 편리합니다
2086,이규재,5,2021-01-07,0,사용하기 매우 편해요
2087,손광민,4,2021-01-07,0,집에서 스마트폰 으로 하니까 편하고 은행에 안 가서 시간 절약되고 좋아요
2088,이윤희,1,2021-01-06,4,앱 자체가 열리지를 않아요 오류라고 계속 뜨고 그것도 연결이 될 것처럼 2분 이상 지체한 뒤에 결국 열리지 않고 닫히네요 며칠 전에 해보고 안돼서 오늘 다시 시도해본 건데 여전히 안돼요 저만 안 열리는 건가요  아이고 아래 댓글 설루션 보고해봤더니 되네요
2089,방명옥,1,2021-01-06,0,얼굴인증하라고 해서 등록하려는데 인식 안 된다고 뜨고 간편 비밀번호 설정도 6자리 번호 누른 다음 확인용 한 번 더 누르라고 해서 또 누르면 완료가 안되고 화면이 멈춰요 재부팅어플재설치케시삭제업데이트다해도안돼요
2090,박명숙,5,2021-01-06,0,빨라져서 좋아요
2091,안황선,5,2021-01-06,0,굿
2092,yjlis512,3,2021-01-06,0,안녕하세요 노고 많으십니다 별다른 조치를 취한 바 없는데 1228일 이후로 첫 화면 앱 기동 B1에서 넘어가지를 않네요 앱을 지웠다 다시 깔아도 동일 증상이네요 이체를 할 수가 없는데 어떻게 조치 받을 수 있을까요 ;;;;
2093,정수,5,2021-01-06,0,좋아요 편해요
2094,미래대안행동당,1,2021-01-06,0,왜 앱 등록하는데 전화번호까지는 이해하는데 내 폰의 파일과 사진 동영상 등을 하나은행에서 볼 수 있게 하여야지만 앱을 실행할 수 있나요
2095,정윤상,4,2021-01-06,0,하나 1q 페이와 기능을 합칠 수는 없나요
2096,전지현,1,2021-01-06,0,첫 화면에서 무한 로딩
2097,이쮸,5,2021-01-06,0,좋아요 모든 계좌 한꺼번에 볼 수 있어서
2098,임상권,5,2021-01-06,0,좋네요
2099,Rooms902박,5,2021-01-06,0,편해요
2100,J J,1,2021-01-06,0,타행 공인인증서 등록할 때 otp 무한 넣으라고 하네요 어쩌라는 건지
2101,SY Kim,5,2021-01-05,1,구 버전 너어어어어무 별로라고 생각했는데 엄청 좋아졌어요 김수현 나와서 광고할 만하네요
2102,니니,5,2021-01-05,0,PC 뱅킹으로 만 되던 자동이체 사항 변경이 모바일로도 가능해져서 편리합니다
2103,최근호,5,2021-01-05,0,좋아요
2104,이종수,1,2021-01-05,0,진짜 개화 나네 어제는 로그인하는데 딜레이 엄청나 더구먼 오늘은 전세자금 대출 한도 조회 누르면 새로운 어플로 업데이트해야 한다고 자꾸 어플 업데이트 화면으로 전환되네  월급 받는 거 아깝지 않아요
2105,권성욱,1,2021-01-05,0,첫 계좌 및 앱 이용하고 싶은데 OTP 없으면 그냥 시작도 못 해요 다른 방법이 있다면 링크라도 걸어주거나 조금 더 친절했으면 합니다 OTP 없다고 하나은행 상품 뭐 있는지 구경도 못 하게 쫓아내는 기분이 들어요
2106,이현정,4,2021-01-05,0,편리함
2107,포신,5,2021-01-05,0,편하고 좋아요 짱짱짱
2108,real h,1,2021-01-05,0,전세자금 대출조회하는데 앱 업데이트를 하라고 자꾸 뜨네요 지우고 최신 버전을 깔아도 이러는데 왜 이렇게 앱이 오류가 있는지 참
2109,최옥식,1,2021-01-05,1,앱 기동 중 C1이라 뜨고 네트워크가 원활하지 않다며 끊깁니다 9999표시도 있고요 거의 대부분 댓글이 부정 적은데 이거 만든 강아지님은 징계했나요 머 이딴 걸 만들어서 접속도 못하게 하는지 이해가 안 되네요 하나카드 하나 멤버스는 잘 되는데 하나은행만 네트워크가 원활하지 않은 건 머죠 네트워크 책임자는 징계했나요 답변 담당자는 답변하지 마세요 그쪽 일도 아닌 일로 힘들 필요 없습니다 어차피 다시 볼일도 없어요
2110,김민지,1,2021-01-05,0,이체하는데 자꾸 금액 오류라고만 뜨고 이체가 안됩니다 분명히 그 금액 이상이 통장에 있는데도요
2111,이승용,5,2021-01-05,0,편리하네요
2112,Shaun Park,5,2021-01-05,0,간편해서 좋아요
2113,정han,1,2021-01-05,18,최악이에요 앱 자체는 나쁘지 않은데 절차도 복잡하고 타자도 치기 힘들고 무엇보다도 상담사가 잘 되어있지 않아요 학생증 카드 재발급하려면 해당 은행점 가야 한다고 해서 왕복 6시간 걸려서 갔는데 알고 보니 홈페이지에서 간단하게 신청 가능하다네요 그래서 이 점 수정해달라고 부탁하니깐 그냥 몇 마디 하더니 이야기 빨리 끝내더군요 너무 불친절했고 이런 경험 다시는 하고 싶지 않아요
2114,조은서,1,2021-01-05,0,아니 하나은행 공인인증서 발급받았는데 타은행은 로그인이 되는데 왜 하나은행에선 공인인증서가 없다고 하죠 진짜 희한하네요 어플 지우고 새로 깔아도 없다네요 진짜 이십 년 넘게 쓴 하나은행 외환 조만간 정리하려고 합니다 너무 불편 은행 어플 중 제일 불편 이 체계 좌 적는 것도 더 불편해요
2115,나르시소,1,2021-01-05,0,로그인 어쩌라는 건지 3가지 다 안되는데
2116,성우진,5,2021-01-05,0,좋아요
2117,이두복,5,2021-01-05,0,왜 갑자기 푸시 알람이 안 뜨는 거죠 설정은 다 on 으로했는대요
2118,jieun A.,5,2021-01-05,0,빠르고 간편해졌네요
2119,박주성,5,2021-01-05,0,사용하기 쉽네요
2120,윤상훈,5,2021-01-04,1,은행 어플 중 최고의 어플 칼뱅 부럽지 않은 ui ux 속도 어플 때문에 하나은행 씁니다 칼뱅 부럽지 않은 어플인데 자부심 가지고 좀 널리 알리시길
2121,박재용,4,2021-01-04,0, 아직까지는 좋은 듯
2122,삼전대주주,1,2021-01-04,0,접속 오안 됨
2123,moon sun&,5,2021-01-04,0,굳
2124,상필김,1,2021-01-04,0,먹통인데
2125,도리도리쿡,5,2021-01-04,0,진작에 수수료 무료를 했어야지
2126,원종현,5,2021-01-04,0,버튼을 누를 때마다 로딩 시간이 좀 길긴 한데 그래도 구성은 깔끔해요
2127,yg shin,5,2021-01-04,0,편리합니다
2128,M지혜,1,2021-01-04,0,기존 어플이 로그인이 안 돼서 새로 받았더니 계속 로딩이 되네요
2129,이은희,5,2021-01-04,0,추천상품이 많았으면
2130,백민규,5,2021-01-04,0,좋아요
2131,력왕,1,2021-01-04,0,이젠 설치도 안되네요 
2132,신의철,4,2021-01-04,0,편리하고 좋아요
2133,윤석건,3,2021-01-04,0,공동 인증서 내보내기 하면 계속적으로 튕겨지네요 해결방안 알려주세요
2134,권태수,1,2021-01-04,0,인증서 내보내기 하면 죽네요 앱 최신 버전입니다 확인 제대로 해주세요
2135,강윤식,4,2021-01-04,0,좋아요
2136,김창기,5,2021-01-04,0,갤럭시 20 안드로이드 업그레이드하고 알람이 안 옵니다
2137,고용희,4,2021-01-03,0,편리해요
2138,최현주,5,2021-01-03,0,좋아요
2139,박종준,1,2021-01-03,1,알림 서비스가 안되는데 저만 그런가요 설정 가서 입출금 전체로 해놓고 실시간 푸시 받는 거 설정해놨는데 왜 결제하면 아무런 소식이 없나요 해결해 주시죠
2140,이순형,1,2021-01-03,0,쓰레기
2141,SP NOVA,1,2021-01-03,1,구 버전에 비해 다운그레이드 된 느낌 심플 이체 안되고 로그인도 느리고 심지어 로그인 3분 기다리다 된 적도 있음   왜 그랬을까
2142,GEUNTAK LEE,3,2021-01-02,7,어플 사용 후 종료할 때 뜨는 팝업창이 바로 사라지는 경우가 있어 하나금융 통합조회가 눌러지는 경우가 있는데요 종료 팝업창에 제한시간 5초를 걸어주시거나 완벽하게 뒤로 가기 버튼을 눌렀을 때 팝업창이 종료되도록 보완해주시면 좋겠습니다
2143,하니롱,2,2021-01-02,0,아 진짜 어플 너무 짜증 나요 로그인이 한 번에 된 적이 없어요 매번 무한 로딩
2144,박주희,5,2021-01-02,0,편해요
2145,이희성,1,2021-01-02,0,색깔 때문에 메뉴 글씨도 안 보이고 대단하다 요즘 세상에 금융 어플이 이따위인 게;;
2146,진상현,1,2021-01-01,0,누가 만들었는지 몰라도 어떻게 이렇게 오류투성이로 만들 수 있는지 모르겠습니다 일부러 이렇게 오류를 가득 만들려고 해도 힘들 것 같네요 대체 어떻게 해야 약관 동의가 클릭이 안 될 수가 있죠
2147,강덕이,1,2021-01-01,0,최악의 쓰레기 어플 시대에 너무 뒤처지는 은행
2148,topia zoo,1,2021-01-01,8,짜증 납니다 공인인증서 타행 거로 등록하는 과정에서 무한 반복으로 오류 나다가 앱 지우고 재설치 후 얼굴인증으로 선택하니 이제 되네요 공동 인증서 못쓰게 하려고 그러는지 엄청 시간 낭비했네 앱에 리뷰 남기는 거 처음임 완전 짜증
2149,김정아,4,2021-01-01,0,좋아요 편리해요
2150,Google 사용자,1,2021-01-01,0,짜증 나게 왜 패턴 새로 하래고 개인 정보 깡그리 다시 입력하래 개인 정보 유출 아니냐 뭐 이런 게 다 있어
2151,쩝쩝이,4,2021-01-01,0,찐 좋아요
2152,정민경,1,2021-01-01,0,엄청 불편 주거래은행이었는데 다른 곳으로 갈아타야 하나 심각하게 고민