,userName,score,date,thumbsUpCount,comment
0,송성기,1,2021-09-29,0,안 열림
1,keunsik moon,1,2021-09-29,0,usbdebug가 무어니 나오고 확인하면 화면 사라짐 열수가 없음
2,강재경,1,2021-09-28,0,갑자기 뭔 팝업이 뜨면서 들어가질 않고
3,June 100,1,2021-09-27,0,갑자기 앱이 안 열립니다 삭제 후 다시 깔았는데도 안되네요 지점도 많이 없는데 인터넷 이러면 어떻게 거래하나요
4,박주원,1,2021-09-27,1,어제 업데이트하고 나서부터 로그인 불가합니다 그냥 로고만 뜨고 로그인 화면 자체가 안 뜨네요 은행사는 여기만 쓰는데 너무 불편하네요 조치 부탁드립니다
5,Dennis Lee,1,2021-09-27,1,은행 어플이 이렇게 로그인 화면까지도 오래 걸리기 안에서도 뱅글뱅글 로딩 오래 하는 것 처음 보네요 진짜 개발자를 뽑든 서버를 증설하든 조치 좀
6,김금숙,1,2021-09-27,0,은행 앱 사용하는 것 중에 가장 별로입니다 로그인도 그렇고 어플 실행하려면 다시 설치해야 하나요
7,MZ K,1,2021-09-26,0,아니 이게 무슨 일이죠 왜 며칠째 앱을 못 들어가고 있는 건가요 usb 디버그가 무슨 오류인지 모르겠어요
8,haha,1,2021-09-26,0,모바일뱅킹 잘 쓰고 있었는데 오늘 갑자기 안 들어가지 뭐라고 뜨는데 모르겠음 인터넷 뱅킹은 잘 됨
9,TaeHoon Kim,1,2021-09-26,0,이게 뭔 오랜만에 들어가 로그인하려니 인증서가 등록이 안됐다 인증서 등록을 하려니 단말기를 등록해야 한다 단말기를 등록하려 하니 로그인을 하라 한다 로그인  인증서 등록  단말기 등록의 뫼비우스 띠에 갇히게 됨 괜히 기존 은행들이 it기업들한테 밀리는 게 아닌 게 이런 사용자 입장에서 생각하지 못하기 때문임
10,김기한,1,2021-09-25,2,로그인 방식 안 바뀌나요 아직도 보안 카드 찾고 있네요 로그인하고 이체할 때는 금융인증 따로 하라 하네요 이건 진짜 거래 그만하라는 건가요
11,이미영,1,2021-09-25,0,왜 접속이 안되는 거예요 갑자기
12,김민정,1,2021-09-24,0,이건 뭔가요 그냥 안 넘어갑니다 이러니까 제일은행에 고객이 줄어드는 겁니다
13,To B,1,2021-09-24,1,왜 안 켜지는 거 갑자기
14,포캣힐링캣프,1,2021-09-23,0,추석 연휴 내내 안되고 삭제 후 다시 깔아도 안되네요
15,sh kim,1,2021-09-23,0,업데이트해도 첫 화면 로고만 뜨고 다음으로 넘어가질 않습니다
16,고집GOZIP,1,2021-09-23,0,업로드하고 진짜 개똥 됐네  폰 바꾸고 다른 은행 어플은 잘만 되는데 제일은행 대체 왜 이래요 토스 인증 타은행 인증 신분증 인증해도 안됨  Otp 재발급 완료됐다 하고 문자도 와놓고 어플 다시 키면 다시 인증하라 하고  아 진짜 걔 속 터진다 써야 되는데
17,Ricky Han,1,2021-09-23,0,별 1개도 아깝습니다 로그인이 계속 안돼요 타은행으로 바꿀 지경이네요
18,NCCoke,3,2021-09-19,1,폴드 시리즈 화면비율 호환성 개선 좀 해주세요 화면만 극단적으로 늘려놔서 펼쳤을 때 사용하기 너무 불편합니다
19,최현진,1,2021-09-19,6,아주 빈번하게 로고만 뜨고 다음 화면 전환 안됩니다 삭제하고 다시 깔려고 해도 엄청 불편해요
20,Q372,1,2021-09-19,0,
21,김현진,1,2021-09-19,0,내 월급통장인데 접속 안돼요 열받아 죽을 것 같아요 왜 이럽니까 추석 때 하필 한 앱 들어가면 아예 작동을 안 함 로그인 화면조차 안 나옴
22,윤재석,1,2021-09-18,6,일부러 불편하게 해서 고객 떨구고 국내 뜨려는 거 아니고서는 지금이 어떤 시대인데 모바일뱅킹 접속을 이지경으로 해놓았는지 의문이네요 올해 초 로그인까지는 참으려 했는데 로딩 느려지는 거까지 이해 비슷한 상황이 또 벌어지면 시간 손해 급하게 이체 못해 손해 금감원이나 금감위에 진정 한번 넣을게요 어휴
23,롤린이,1,2021-09-18,0,모바일뱅킹 로그인이 안 됩니다 이걸 어떻게 사용하라는 거죠
24,Inyoung Lee,1,2021-09-17,0,제대로 작동도 안 하고 자꾸 꺼져요
25,동키바,1,2021-09-15,0,에헤이 접속은 돼야 할 텐데
26,송미남,1,2021-09-15,0,별 하나도 아까움 폰 바꿔서 모바일 otp 재발급하려는데 신분증만 찍으면 앱이 꺼짐 업데이트도 해봤는데 하는 족족 꺼짐 인증서 폐기하려는데 꼼짝없이 내년에 자동 폐기될 때까지 기다려야 함 다신 안 씀
27,이준성,1,2021-09-14,0,USB TCPIP 뜨면서 접속안됩
28,Darmirang VN,2,2021-09-14,9,앱이 접속이 안돼서 지우고 다시 깔려고 하니 모바일 otp가 없다고 나와 다시 설치하려고 하는데 막상 기존 사용했던 otp가 있는 상태며 삭제된다고 나옵니다 그리고 모바일 otp 발급 시 추가 인증을 왜 타행계좌로만 하게 하는지 모르겠습니다 요즘같이 계좌개설도 어려운 시절에 제일은행 말고 거래를 안 하는 사람은 무슨 수로 인증을 받나요 접속이 안되는 거부터 해서 요증 제일은행 앱에 무슨 일이 있는 건가요 너무 불편합니다
29,박정란,2,2021-09-14,0,핸드폰을 바꾼 뒤 로그인이 안 되네요
30,안수영,1,2021-09-14,0,별 하나도 아까움 어플이 하도 안돼서 지우고 다시 깔고 지우고 다시 깔고 거래은행을 바꿔야 하나 싶음
31,박문석,1,2021-09-13,0,아 놔 이 앱 뭐야 신협이 더 편리하네 먼 이래 복잡하니 돈 다 빼야겠네 짜증
32,SiWoong OH,1,2021-09-10,0,로그인 안 되고 로딩만 무한
33,한jh,3,2021-09-10,0,어플이 안 열릴 때가 많네요 확인 후 개선 필요
34,박찬혁,5,2021-09-10,0,감사합니다 오늘 하루도 행복한 하루 보내세요
35,yunjeong Jeong,3,2021-09-10,0,업데이트 후 화면전환이 느려졌어요
36,까칠한회사 냥이,1,2021-09-10,0,와 로그인이 안되냐 은행 옮겨야겠네 어휴 쓰레기 어플
37,서영아,1,2021-09-10,0,현재 모바일뱅킹이 작동되지 않습니다
38,해둥,1,2021-09-09,0,모바일 otp 발급하려 하는데 자꾸 조회 회원 고객이라고만 뜨네요
39,최돈수,1,2021-09-08,0,앱 깔았는데 돼지도 않네 뭐 이따위야 다른 은행으로 옮겨야지 별점은 하나도 아깝다
40,송근영,1,2021-09-07,0,갑자기 에러 나서 다시 깔았는데 로그인이 안 돼요 타 기관 인증서 등록하라 그래서 하면 단말기 지정하라고 로그인 하라 그래서 로그인하면 또 타 기관 인증서 등록하라 그러고 반복 중입니다 주거래 은행인데
41,김선애,1,2021-09-07,0,오늘 왜 접속이 안 되나요 계속 로고에서만 멈추고 접속도 안되고 답답하네요 진짜
42,김용만,1,2021-09-07,0,저도 어제부터 9102오류 뜨고 안됩니다
43,김선숙,1,2021-09-07,0,갑자기 모발벵 안돼요 다른 은행도 그런가 타은행모발벵은 잘 되고 있고요 무슨 일이죠
44,geunjong jeung,1,2021-09-06,0,먼은행앱이 자주 안 들어가지고 로고만 계속 떠있네요 하
45,정쑤쑤,1,2021-09-06,0,어플이 왜 안 들어가지는 거죠
46,S Phi,2,2021-09-06,0,앱 실행하면 로고 화면 나오고 멈추는데 영
47,하경탁,3,2021-09-06,2,모바일 otp 발급이 안됩니다 핸드폰을 최근에 바꾼 후 재등록하려고 모바일 otp 재발급을 선택하여 진행하는데 서버 접속이 원활하지 않습니다 잠시 후 다시 진행해주세요 MAF9003라고 나옵니다 와이파이도 해보고 껐다 켜보고 재설치도 해보았는데 전혀 진행이 안됩니다
48,회유양,1,2021-09-05,0,전혀 열리지 않네요
49,좀더,1,2021-09-05,0,메모리 최적화해도 재부팅해도 WI FI 거도 다른 방법으로 인증해도 로그인은 절대 안 되네요 갤노트 9인데 이건 안내로 해결되는 문제가 아닌 듯 며칠째 이런다는 건 진짜 심각하네요
50,권성준,5,2021-09-03,0,조아
51,김재삼,1,2021-09-03,0,금융 어플이 이렇게 허술할 수 있나요 며칠째 로그인이 안 되면 빠른 조치 부탁드립니다
52,ceh789최은한,5,2021-09-02,0,다른 은행보다 좋네요
53,박명규,5,2021-09-02,0,간편하고 보기 좋아요
54,명달,5,2021-09-02,0,사용하기 간편하고 좋아요
55,김택중,5,2021-09-02,0,아주 편리하고 간편합니다
56,김준성,5,2021-09-02,0,주거래 은행 앱입니다 사용하기 쉽고 편리하네요
57,Star Hwang,5,2021-09-02,0,좋아요
58,황재원,5,2021-09-02,0,주거래 은행입니다 자주 쓰는데 편리합니다 좋아요
59,위베어베어킹,5,2021-09-02,0,좋아요
60,최종일,5,2021-09-02,0,사용자 편의를 위한 인터페이스뿐만 아니라 디자인 부분까지 감각적으로 너무 잘 구현되어 있어 강추입니다
61,Juhee Maeng,3,2021-09-01,0, 잘 쓰고 있었는데 앱 자체가 켜지질 않네요 지웠다가 재설치해도 마찬가지예요
62,서진석,1,2021-08-31,0,지난달 핸드폰 초기화해서 로그인이 안 되나 하고 뭐 급하게 사용하지 않아도 되니까 하고 무심코 넘겼었는데 여전히 로그인 안 되네요 어플 재설치 데이터 정리 램 정리 v3 재설치 등 해봤으나 무한 로딩 증상 동일합니다 특정 인증서 오류가 아닌 전부 안됩니다 문의 메일 보낼 생각 없으니 기계적 답변 거부 거부하겠습니다 지금 이 순간도 혹시나 하고 시도해봤으나 똑같네요 개발팀 계신 분들이 엄청 바쁘시겠지만 요즘 시대에 통장 들고 창구 가서 이용하는 분보다 모바일로 이용하는 분이 많으니 조속히 앱이 정상화되길 바랍니다
63,박은영,5,2021-08-31,1,모바일뱅킹 써봤는데 제일 편해요 오픈뱅킹도 좋아요
64,Gilho Lee,5,2021-08-31,0,사용하기 좋아요
65,이지윤,5,2021-08-31,0,색감도 좋고 보기 편하게 잘 되어있어요
66,Jeongho Jo,5,2021-08-31,0,좋아요
67,피규어도나루토,5,2021-08-31,0,좋아요
68,jebeom jeon,5,2021-08-31,0,애플리케이션이 사용자 중심으로 만들어진 느낌입니다 사용이 너무 편하고 좋아요
69,Junghie Kang,5,2021-08-31,0,아래 보니 로그인 문제가 많아 보이는데 전 한 번도 그런 적이 없어서 만족하며 사용 중입니다 다른 은행들도 사용하는데 기능들 편하고 직관적이라 좋습니다
70,Google 사용자,5,2021-08-31,0,직관적으로 사용하기에 편리했습니다
71,김치웅,5,2021-08-31,0,이용자가 한눈에 알아보기 쉽게 화면구성이 잘되어 있어서 좋습니다
72,HH H,1,2021-08-31,0,앱이 실행이 안됩니다 왜 이런 걸까요
73,남재욱,5,2021-08-30,1,편리하게 잘 쓰고 있습니다
74,Bonne Nouvelle,5,2021-08-30,0,괜찮네요
75,Eunim Yang,5,2021-08-30,1,쉽고 간편해요
76,유주혁,5,2021-08-30,0,잘 사용하고 있습니다 친절히 응대해주셔서 감사합니다
77,kazegirl Lee,4,2021-08-30,0,디자인이 너무 이뻐요
78,김순재,5,2021-08-30,1,사용 편하고 고객 편의를 생각하고 만든 거 같아요
79,Kibok Song,1,2021-08-30,0,며칠째 앱 접속 자체가 안 됨 사용하지 말라는 건지 참
80,김승일,5,2021-08-30,0,잘 쓰고 있습니다 앞으로 더 나은 서비스를 만들어주세요
81,jinhwa kim,5,2021-08-30,0,최고예요 잘 사용하고 있습니다
82,희원,5,2021-08-30,0,사용하기 편해서 너무 잘 사용하고 있습니다
83,이민정,5,2021-08-30,0,편한 사용감
84,Google 사용자,5,2021-08-30,0,이용하기조아욯
85,김보순,1,2021-08-28,0,주거래은행인데 어플 때문에 옮기고 싶은 건 처음이네요 로그인이 넘어가질 않네요 쓰다 화병 날 듯
86,지윤,1,2021-08-27,0,은행 앱 3군데 사용 중인데 제일 불편함 거래은행 바꿔야 해서 어쩔 수 없이 사용 중인데 기간 끝나면 안 쓸 듯 타앱처럼 좀 쉽게 갑시다
87,김민기,1,2021-08-27,2,어플 실행 자체가 안되는데 로딩하다가 계속 꺼지기만 하고 몇 주째 은행 업무도 못 보고 내역 알림도 안 뜨고 어플 점검 좀 하세요 진짜 지웠다 다시 깔아도 봤고 휴대폰 재부팅도 해봤고 v3까지 지웠다 깔아도 안됩니다 리뷰 보니까 로그인 안 된다는 사람이 상당히 많던데 왜 개선이 안되는 거죠 진짜 은행 갈아타고 싶은 심정입니다 일 좀 하세요
88,나최고,5,2021-08-27,0,좋아요
89,김희현,1,2021-08-25,0,와이건 해도 너무하네요 이틀째 별수를 써도 안되네요 고객센터에서 친절하게 알려주셨는데 그래도 안 되네요 당장 입금도 해야 하는데 휴대폰 교체하고 인증서가 있어도 안되니 그전 휴대폰 교체할 때는 인증서로 했는데 이게 뭔가요
90,최윤창,1,2021-08-25,0,로고에서 안 넘어가요
91,덕크리스틴,1,2021-08-25,2,진짜 인터넷뱅킹 가입부터 지옥의 앱인 듯 아니 인뱅 신규 가입 마지막 모바일 otp 비밀번호 6자리 설정에서 자판은 숫자판만 나와서 숫자로 설정하면 왜 영문을 섞으라고 하나요 진심 개발자가 저지 능인 가요 사람 화나게 만들려고 작정했나 영문 자판이 안 뜨는데 영문 섞어서 비번 설정을 어떻게 하냐고요 메일 보내란 이딴 소리 말고 정확한 답변 바랍니다
92,김가람,5,2021-08-25,0,피드백이 빠릅니다 칼 속도 감사합니다
93,송영희,4,2021-08-25,0,어제까지 잘 사용하고 있었는데 오늘 아침부터 로딩 중 상태만 계속 지속되고 안되네요 어플을 삭제했다 다시 설치해도 마찬가지네요 어떻게 해야 하나요
94,yoon shi,1,2021-08-25,0,로그인 안 됩니다
95,Kiyoung Choi,1,2021-08-25,3,무슨 문제가 있는 걸까요 로그인이 엄청 오래 걸리네요 멈춘 줄 알고 여러 번 재접속 했습니다 거짓말 안 보태고 로그인하는데 몇 분 걸리는 듯 화면 넘어갈 때도 뱅글이만 한참 보고 있어야 되네요 헐
96,남기백,1,2021-08-25,1,로고만 뜨고 로그인 화면으로 넘어가지도 않네요
97,hoses park,1,2021-08-25,0,업데이트 후에 초기 로딩 로그인 지금도 몇 분이나 소요됩니다 알고 계시나요 개발팀
98,ᄋᄒ,5,2021-08-25,2,잘 이용 중
99,박지은,2,2021-08-25,0,로그인이 안 돼요 빨리 고쳐주세요
100,불로초TV,1,2021-08-24,0,제발 좀 로그인 좀 되게 해줘요 프로그램 업데이트 좀 합시다 다른 은행기관들은 잘만 들어가지는데 왜 요기만 로그인이 안 됩니까 어쩌다 들어가죠도 시간도 오래 걸리고 답답해서 못쓰겠네 이런 걸 프로그램이라고 만들었어요
101,권빠기,1,2021-08-24,0,로그인하기 진짜 힘들게 만들어놓음 이런 은행 어플 처음 봄
102,Seo주수수,1,2021-08-23,0,최악의 은행 앱임
103,이희창,1,2021-08-23,0,그냥 쓰레기입니다 뭐 하나 잘 되는 게 없음
104,이주성,1,2021-08-23,0,앱이 안 열립니다 검은색 화면에 로고가 뜨고 조금 있다가 앱 중단 뜨네요
105,김기진,1,2021-08-23,0,로그인 안 됨
106,SOOKJA OH,1,2021-08-22,0,제일은행 다른 은행에 비해 이유 없이 까다롭네요 이상해요
107,경식신,3,2021-08-20,0,로그인이 안 됩니다
108,나저씨83,3,2021-08-20,2,편하긴 한데 이자 및 원금 원리금을 선납할 때 고객이 일일이 회차를 기억해서 회차 입력을 해야 하는 거 진짜 불편해죽겠음 콜센터 이용하면 된다고 하는데 콜센터가 뭐 바로 받긴 하나요 그리고 콜센터 이용하라고 할 거면 뭐 하러 앱을 만들어 놨어요 대답 좀 해봐요 흔들흔들
109,김동석,1,2021-08-19,0,불안정
110,손님손님아니,1,2021-08-19,0,휴면계좌 부활시키려고 하는데 회원가입도 안되고요 로그인도 안 돼요
111,장승우,1,2021-08-18,15,1 안녕하세요 어제 휴대폰 기기를 변경한 후부터 로그인이 안 됩니다 아이디 번호도 카카오페이 인증서로도 계속 로딩 중인 상태만 지속되고 있어요 왜 그러는 건지 로그인이 안 되어 오늘 이체해야 할 게 있는데 로딩만 하루 종일 하고 있어요 2 아 정말 짜증 나네요 고객센터로 연락했더니 어플 재설치하고 v3도 재설치한 후 데이터를 사용할 시엔 휴대폰 껐다 다시 재부팅 후 작동해보라 해서 그렇게 했는데도 안됩니다 다른 은행은 문제없이 기기변경 후 원활히 사용하고 있는데 왜 이 어플만 이 모양인지 거래 끊고 싶네요 조속히 문제 해결 좀 해주세요
112,김소영,1,2021-08-17,0,앱이 열리지 않아요 아무것도 할 수가 없네요
113,씨티캣조아,1,2021-08-17,0,로그인 왜 안돼 노
114,Insic Hong,1,2021-08-17,0,오픈뱅킹하려면 인증서 등록하라고 뜨고 등록 한 후에 오픈뱅킹하려고 누르면 또 인증서 등록하라고 뜨네요 등록하면 이미 등록돼있다고 뜨고 계속 무한 반복되네요
115,Um M,3,2021-08-17,0,공동 인증서 모바일에서는 폐기 불가능합니다
116,장은영,1,2021-08-15,0,먹통이라고요 먹통 모든 분들이 앱에 불만을 가지고 계시는데 오랫동안 실행이 안되면 해결하셔야지
117,GB J,1,2021-08-14,0,대단합니다 그려 대이다 잡아먹으려고 통신사와 계약한 듯 스탠더드 차타드 글씨 오른쪽 꽈배기에서 넘어가기 힘듦 그리고 웬만한 와이파이 세기로는 절대 안 넘어감
118,Joker,1,2021-08-13,0,로그인이 안 됩니다 지문인식으로 등록해놓고 잘 썼는데 오늘 로그인이 안 되고 지문인 식후 화면이 멈춥니다 은행서비스가 이런 장애가 있으면 너무 문제가 큰 거 아닌가요 빨리 조치해주세요
119,손동준,3,2021-08-12,0,로그인이 안 돼요 확인 좀 해주세요
120,jelly말랑말랑,2,2021-08-12,0,로그인이 안 되네요 화면이 멈춰있어요 왜 그러죠
121,최명희,4,2021-08-11,0,좋아요
122,우주성,1,2021-08-11,0,아니 핀테크 인증서를 몇 번을 등록했는데 로그인하려면 계속 등록하라고 하네 로그인도 안 될걸 뭐 하러 쳐 만든 건지
123,Hye Ji,1,2021-08-10,0,앱이 안 열려요 업데이트를 해도 로그인 화면으로 넘어가지도 않고요
124,전민제,1,2021-08-10,0,켜지질 않으면 켜서 로고 뜨는 화면 이후로 진행이 안됨 중고거래할 때마다 이체할 일 있을 때마다 카카오 파이로 해드리겠다고 죄송하다고 양해 구하는 게 일상임 어플의 존재 이유를 모르겠음
125,lee eun,1,2021-08-10,0,로그인이 안 돼요
126,언제나화이팅,1,2021-08-09,0,로그인 영문 안 써짐
127,김예리,1,2021-08-07,1,로그인 화면이 안 떠요 혹시나 해서 어플 삭제하고 다시 깔았는데도 안되네요 다른 리뷰 보니 다른 분들도 꾸준히 잘 안되고 있는 것 같은데  언제 조치 되나요
128,고태호,1,2021-08-07,0,로그인 안 됨 뭐임
129,꿀꿀이,1,2021-08-07,0,진짜 1점도 주기도 아깝네요; 업데이트 전에도 앱이 안 들어가져서 업데이트를 안 해서 안 들어가지는 줄 알았는데 업데이트 후에도 앱이 안 들어가지네요;;뭐 앞으로 앱으로 쓰지 말고 직접 은행 가서 쓰라는 건가요
130,장선생,1,2021-08-06,0,이 정도면 앱 새로 만드시는 게
131,hoon easy,5,2021-08-06,0,잘 쓰고 있습니다만 자주 쓰는 계좌 등록 개수를 더 늘려주셨으면 감사하겠습니다
132,안기인,2,2021-08-05,0,회원 아이디로 로그인 시 로그인이 되지 않습니다 확인 부탁드립니다
133,브로준준,1,2021-08-05,0,며칠째 어플이 안 들어 가지는데 어떻게 해야 되는 건가요 불편하네요
134,DoKyung YUN,1,2021-08-04,4,다른 은행은 푸시 알림은 한 번도 불편함 없이 사용하는데요 SC제일은행만 푸시가 왔다 안 왔다 제멋대로입니다 이번에도 알림 안 와서 들어가서 확인하니 기기 정보 변경 업데이트하라고 나오는데 이기기 계속 사용 중인데 무슨 기기변경인가요 확인 누르고 나니 다시 알림이 와요 수시로 왜 이러는 거예요 너무 불편해요 일일이 앱에 접속해서 입금 확인해야 되고요 진짜 SC제일은행만 이래요 다른 은행은 한 번도 이런 적 없어요
135,와코와코,1,2021-08-04,9,로그인이 안 됩니다 개발자님께 메일을 2번이나 드렸는데 며칠째 답이 없으시네요 로그인 안 되는 문제도 지금 두 번째 발생하는데 최신폰에서도 이렇게 호환 충돌 문제 생기는 거면 어플 자체에 문제가 있는 거 아닌가요 지금 접속도 못해서 입출금도 못하고 있어요 메일 보내드린 이력이 있으니 빠른 연락 부탁드립니다
136,임미영,1,2021-08-04,0,하루 종일 서버 접속이 계속 실패입니다 잘 사용 중이던 모바일앱이 오늘은 무슨 일이 있는 건가요 빠른 조치 바랍니다
137,July Choi,3,2021-08-02,0,오류가 자주 나는 단점
138,31 as113,1,2021-07-31,0,쓰레기
139,햄찌,3,2021-07-31,0,로그인이 안 됩니다
140,ByoungTae Kim,1,2021-07-31,0,로그인이 안 됩니다 어플이 동그라미가 돌다가 멈춰요  램 정리와 휴대폰 전원을 꺼도 증상이 동일합니다
141,똥이,1,2021-07-31,0,이거 로그인이 왜 계속 안돼요 새로 다시 깔아도 안되고
142,이상준,1,2021-07-31,0,로그인이 안 됩니다 로그인 한 열 번 하면 한번 겨우되고 이게 은행 수준인지 정말
143,황정아,1,2021-07-31,0,로그인이 안 됩니다 서버 접속도 안되고요 빙빙 돌다가 응답 없음으로 계속 나옵니다
144,박경호,1,2021-07-31,0,지금 계속 모바일 뱅킹 접속 화면에서 아애 실행이 안되고 멈춰요 어떻게 된 건가요
145,이슬기,1,2021-07-31,0,어플 업데이트 후 들어가지질 않네요 폰을 껐다 키고 랩 정리해도 안되고 결국 지웠다 다시 설치 중 이래도 안되면 그냥 은행을 옮겨야겠네요
146,허기혁,3,2021-07-31,0,로그인 가끔 안 되는데 이거 무슨 문제일까요
147,김동명,1,2021-07-31,0,로그인이 안 되네요
148,윤은서,1,2021-07-31,0,아니 왜 계속 로그인이 안 되는 거예요 멈춰버리고 급한데 좀
149,나무의시선,5,2021-07-31,2,로그인이 안 됩니다 어플 다시 깔고 혹시 몰라 v3도 다시 깔았지만 로그인 자체가 안됩니다 화면이 멈춰버려요 다른 은행 뱅킹 어플은 잘 되는데 왜 sc만 갑자기 안될까요 제 통장의 작고 소중한 돈은 어떻게 되는 걸까요 모바일 통장이라 실물 통장인데 평생 찾아볼 수 나 있을지
150,ᄒᄋᄒᄋ,1,2021-07-31,0,로그인이 안 들어가죠요 다시 제거했다가 설치해도 그렇습니다
151,da j,1,2021-07-31,0,오늘 앱 정지되어 사용 못 하고 있어요
152,위명훈,1,2021-07-31,0,로그인이 안 되고 멈춰버려요 갑자기 오늘 안 되네요 다시 깔아도 안되고 조치해주세요
153,문경환,1,2021-07-31,1,로그인 왜 이리 안됩니까 재 설치해도 안되고 재부팅해도 안되고 디바이스 램 정리해도 안되고 문제 있죠
154,이쁜아뽀뽀야,1,2021-07-31,1,공인인증서 로그인하면 멈춰요 어디다가 물어봐야 되나요
155,kang bryan,1,2021-07-31,1,오전부터 로그인 화면에서 먹통인 상태로 앱이 작동하지 않습니다 다른 은행에 비해서 앱 안전성이나 편리함이 너무 떨어지네요 거래은행 바꿔야겠다고 생각이 들 정도입니다
156,정재덕,1,2021-07-31,0,로그인 안 돼요 아 진짜 이체해야 되는데 앱이다 구로 만드니까 고객 이탈하지
157,송병호,1,2021-07-31,0,현재 로그인이 안 되고 있습니다 돈 이체를 해야 되는데 미치겠네요 개짜증
158,최성진,1,2021-07-31,4,계속 로그인이 안되네요 폰도 신형이고 집에서 와이 파이로 연결해서 사용하는데 유난히 이 앱만 자주 이런 현상이 발생합니다 패치 프로그 랭을 보완해주든지 다른 앱을 개발해서 배포하든지 좀 해주세요 너무 불편합니다
159,정중섭,1,2021-07-31,0,로그인 멈추는 것 좀 제발 개선하세요 요즘 어느 시댄데 처리가 이따 군직 1점도 아깝다
160,SuperDuper,1,2021-07-31,0,로그인이 깁자기 안되네요 폰을 껐다가 켜도 안되고요 문제 좀 해결해주세요
161,Jaeho Hong,1,2021-07-31,0,로그인이 안 됩니다 랩 정리하고 리부팅해도 동일하고요 언제 고칠 겁니까 피해는 어떻게 보상해주실 겁니까
162,권종욱,5,2021-07-31,0,Good0
163,느와르,1,2021-07-29,0,지금 장난하나 붙여넣기 답변만 계속하는데 조회하기 해서 사용 중인 주민번호입니다  이렇게 뜨는 거를 어떻게 사용하라고 완전 쓰레기 앱임 이 정도 문제면 파일럿 테스트하고 디버깅해서 문제가 그냥 보일 텐데 일일이 화면 캡처 해서 보내라고  비대면 계좌 개설하는데 인터넷 뱅킹 신규 개설에서 이용자 번호 ID가 조회가 되지 않습니다 이렇게 허술하게 관리할 거면 계좌 개설 시간을 왜 제한을 두고 계좌 개설도 어렵게 하는지 모르겠네요 저축은행보다 더 못합니다
164,이상수,2,2021-07-28,1,업데이트 이후 앱 접속 자체가 안되네요 빨리 확인하여 수정해주세요
165,sz h,1,2021-07-27,0,비대면 계좌까지 만들었는데 인증서로 타행 등록하려니 번호가 없는 고객  머여이거
166,신명숙,5,2021-07-27,0,좋음
167,부천예민보스,1,2021-07-26,1,이거 왜 로그인이 안 되는 거죠 놀라서 왔더니 다른 사용자들도 동일한 오류 나는 것 같네요 해결 방법 좀 알려주세요
168,날강두의 민낯,1,2021-07-26,0,이것들은 메일로 불편함을 알려줘도 똑같은 매크로 답변밖에 안 줌 너희들이 직접 로그인을 해봐 되나 안 되나 사용자한테 원인이 뭐냐고 물어보면 어떡하냐 어휴 띨 박이 들 제일은행 계약 해지하러 간다 서비스 개 엉망이네 진짜
169,김희정,1,2021-07-22,0,아니 이거 들어가서 sns 인증하기 했더니 16669483 이걸로 문자 그대로 누르게 하기 나왔는데 전화 목록엔 폰 판매업체라고 이름 떠있고 ᆢ 아 불안해서 미치겠네요 해킹당하고 그런 걸까요
170,유제택,1,2021-07-21,0,부팅이 계속 안되네요 답답해서 열 좀 받고 있네요 언제 가능한가요 재설치 중인데 정말 이렇게 밖에 못하나요 전직 직원이라 어쩔 수 없이 이용하는데 전산에 투자는 하고 있나요
171,kyoungman kim,1,2021-07-20,9,로그인이 왜 계속 안 되나요 하 서버 접속 실패했다고 하는데 제 폰 문제는 아닌 거 같네요 네트워크 잘 되고 폰도 지난주에 바꾼 거고요 어떤 문제인지 모르겠네요 확인 좀 부탁드립니다
172,냥펀치,4,2021-07-20,0,타 은행사보다는 편리함
173,류현준,2,2021-07-17,0,입출금 알림을 설정했는데 푸시 알림이 안 오네요
174,jo L,1,2021-07-15,1,인터넷뱅킹 개설하다가 화나네요 모바일 OTP 인증번호는 숫자만 입력인데 영문 숫자 입력해달라고 오류가 뜨고;; 참내
175,김태호,1,2021-07-14,1,로그인하기 되게 힘들게 만들어 놓았네요 짜증 납니다 아이디 비번만 넣으면 당연히 로그인 되는 게 맞는데 모바일 뱅킹 인증 뭐 할게 이리 많은 지 귀찮게도 많네요
176,김정훈,1,2021-07-14,1,웬만하면 쓸려고 했는데 제일은행 무슨 대부 업체에서 만든 은행임 인터넷뱅킹 조잡하네 급여통장 만들려다 암보험 하나 더들뻔했네
177,이한,1,2021-07-14,0,로그인 안 됨 계속 안 들어가짐
178,회색,5,2021-07-13,0,정확한 공지 없이 옮겨 중요할 때 못 썼지만 나머지는 다 좋은 듯
179,김지영,1,2021-07-12,0,업데이트 안됨
180,코기,1,2021-07-12,12,진짜 최악의 앱이네요 로그인도 계속 안되고 플레이스토어 가서 보니까 언제 했는지도 모르게 업데이트돼있고 업데이트해도 로그인 안 되고 지웠다가 다시 까니까 이번엔 모바일 OTP 인증에서 막히고 상담사 연결해도 해결되는 건 없고 타행계좌 인증하고 문자는 오지도 않고 웬만하면 리뷰 안 쓰려고 했는데 정말 최악이네요
181,김도길,1,2021-07-12,0,무한 루프네요 타 기관 인증서 등록차 로그인하려면 기기 등록으로 가라고 가야 하고 기기 등록 가려면 타 기관 인증서 등록으로 가라 하고 한 50번은 시도했는데 포기합니다
182,민석TV,2,2021-07-11,0,아이디로 로그인하려고 할 때 비밀번호 입력 시 대문자 영문을 입력하는 동시에 자동으로 로그인 처리가 되어 버리던데 버그인가요
183,까미,1,2021-07-10,0,갑자기 앱 실행하면 앞에 마크만 뜨고 넘어가지질 않네요 업데이트를 했음에도 앱 사용 불가
184,백딱복,1,2021-07-09,0,56페이지에 걸쳐 내 개인 정보 다 입력했다가 인증을 해야 한다며 상담원이랑 영상통화로 넘어가는데 연결이 고르지 못하다며 처음으로 다시 돌아가네 다 다시 해야 하네 그냥 여기 안 쓸래요
185,Name Google,5,2021-07-09,2,얼마 전까지 오류가 발생하더니 이번 달에는 잘 되는군요 문제없이 사용할 수 있게 부탁드립니다
186,김상흠,4,2021-07-09,0,maf9003에러는 뭔가요 대출실행 진행이 안되네요 답변 주세요
187,Beatus,5,2021-07-08,0,하단에 상품 이체 조회로 적힌 것이 직관적이라 이용에 편리함
188,Sangmin Jun,5,2021-07-08,1,비대면으로 두드림 통장 만들었는데 조작법이 매우 쉽네요 UI 도 깔끔하고 제 스타일이어서 좋았습니다
189,민은기,5,2021-07-08,1,편리하게 잘 사용하고 있습니다
190,sanghun yun,5,2021-07-08,0,직관적으로 보기 좋고 사용하기도 편해요
191,김기연,1,2021-07-08,0,오늘은 로그인도 안 되네요 앱 제거 후 다시 해봐도
192,정창희,3,2021-07-08,0,어제부터 앱 실행이 전혀 안돼서 너무 불편해요 어떻게 해야 앱이 열리나요
193,김상우,1,2021-07-07,0,로그인이 안 되네 나만 그런 게 아니었네요 앱 자체 문제인가요 해결을 빨리해주셔야 할 거 같은데요 너무 불편합니다
194,Sukkee Ahn,1,2021-07-07,1,키보드 오류 갑자기 나길래 나만 그런 줄 일 있더니 밑에 분도 정확히 같은 상태네요 괜히 애꿎은 키보드 세팅만 새로 하고 지우고 깔고 어휴 빨리 수정해서 업데이트해주세요
195,김세영,1,2021-07-06,0,최악
196,Ji Ka,1,2021-07-06,0,모바일 전세대출 알아보려고 하는데 신용 정보 조회를 진행 중입니다라는 화면에서 아무리 기다려도 안 넘어갑니다
197,Hee Young Choi,1,2021-07-06,12,며칠 전부터 키보드 뱅킹 키보드가 아주 엉망진창이네요 글씨 자동완성 기능은 해제되지도 않고 글 쓰다 중간에 글씨 수정한다고 커서 옮겨서 수정하거나 글씨 지우면 뒤에 붙어 있던 단어랑 글씨가 한꺼번에 다 지워지네요 은행 쪽에 연락해서 물으니 계속 다른 부서 돌리기만 하고 업데이트 핑계 대곤 소식도 없네요 업데이트하고 앱 확인도 안 하고 공개하는지 참 의문이네요 되던 것도 안되게 하는 업그레이드라니 참할 말이 없네요
198,Aquarius,1,2021-07-06,0,앱 자체가 아예 안 켜지는데 어떻게 해야 하나요
199,무무구우,1,2021-07-06,0,아니 폰 바꾸고 새로 깔았는데 로그인이 왜 안되는 거죠 계속 무한 로딩이고 재 설치를 해도 현상은 똑같고
200,텔레토비,1,2021-07-05,0,MAF9003 코드가 뭐냐고 묻는데 확인이 어렵다고 하면 개발자한테 물어보시면 되잖아요 메이저는 공식 사이트에다가도 오류코드 업데이트하는데 코드 번호 띄웠더니 확인이 어렵다는 게 답변인지요 이메일로 보내봐야 코드번호 그대로 찍힌 거 보낼 텐데 재밌는 답변 감사합니다 그냥 안 쓰면 그만이니까 저 외에도 똑같은 증상으로 고통받는 이가 늘길 바라면서 이만
201,그리프리,3,2021-07-05,1,갑자기 접속이 되지 않는데 앱 삭제 후 다시 설치하여도 되지 않네요 어떻게 해야 하나요
202,진짱,1,2021-07-05,0,오늘 아침 앱이 갑자기 안 열리나요
203,mOOsA GO,1,2021-07-03,1,제일 좋은 시스템 원하지도 않으니 기본은 해주셔요 재발급 또 재발급 휴  이름은 제일인데
204,동환,1,2021-07-03,0,왜 굳이 기술 오류 하나 때문에 다시 깔고 인증 또 해야 하는 거임
205,손승한,1,2021-07-02,2,로그인이 왜 갑자기 안되는지 설명을 좀 해주셔요 삭제하고 재설치 했는데도 어플 접속이 안되네요
206,집짓는행님,1,2021-07-01,0,먹통 먹통 초기화면에서 그냥 바로 먹통 삭제 후 재설치해도 먹통
207,우리가족,5,2021-07-01,0,빠르고 편해요 예금 신규도 간단  
208,luna orlando,3,2021-06-30,0,왜 잘 쓰던 웹이 로그인조차 안 되나요 은행 업무시간도 끝나서 엄청 답답합니다
209,skitter Lee,5,2021-06-30,1,타 은행 어플에 비해 빠르고 좋네요
210,bohwa Lim,1,2021-06-30,5,멀쩡히 쓰다가 디지털 인증서 안된다고 몇 번이나 재발급에 제거했다 재발급을 해도 먹통 먹통 먹통이네요 진짜 최악 빨리 대응을 하던지 고친다고 언급이라도 주던 지하이 시대에 보안카드 번호 넣고 추가로 인증서 비번까지 넣고 있다니
211,볼링매니아,1,2021-06-30,0,진짜 급할 때 꼭 로그인이 안 되네 메인화면에서 무한 로딩 타 은행도 이러지 않는다 진짜 서 버팀은 이 사태를 알고도 조치를 안 하는 건지 못하는 건지 타은행서 버팀보다 못한 수준을 보이는데 이러니 타 은행을 더 선호하는 듯합니다
212,이영재,1,2021-06-30,1,지문 재등록하려고 하는데 앞 단계에 휴대폰 인증 보안카드 번호 입력 다 완료하고 마지막 재발급 단계에서 재발급 버튼 누르면 앱이 종료되어 버립니다 여러 번 시도해봐도 계속 동일 현상이 발생하네요 빨리 조치해주시기 바랍니다
213,짜잔,2,2021-06-30,0,잘 되다가 며칠 전부터 안 돼서 몇 번을 깔았다 지웠다 하고 백신 앱도 다시 깔기를 몇 번 며칠 후 되겠지 하고 오늘 핸드폰 전원을 정말 껐다 켜서 다시 까니 되네요 휴 힘들었습니다
214,박영재,5,2021-06-29,0,디즈니 카드 굿
215,조병식,5,2021-06-29,0,은행 안 가고 통장 만들어서 편하네요
216,김수완,1,2021-06-29,0,네트워크 오류로 뜨고요 네트워크 문제가 없는데 왜 로그인이 안 될까요 타은행 앱은 잘만 되고요 어제부터 들어가지지가 않아요 재설치해도 마찬가지고요
217,beesu kwon,1,2021-06-29,0,로그인이 안 되는 것은 도대체 뭔가요 1020분도 아니고 몇 시간짼데 로그인 화면 들어가려고 하면 서버 접속 실패했다고 나옵니다 어이가 없는
218,seung woo yang,1,2021-06-29,0,아니 뭘 어떻게 해야 하는지 제대로 가이드 안 해줍니까
219,Ki Bi,5,2021-06-29,0,복잡하지도 않고 은행 업무를 따로 은행 방문할 일없이 모바일로 할 수 있어서 정말 편리하네요
220,이강석,5,2021-06-29,0,다른 은행 어플이랑 비교해봤는데 전 편하고 좋은 것 같아요
221,심명보,5,2021-06-29,0,너무 좋아요 깔끔
222,김현진,5,2021-06-29,0,잘 사용 중입니다
223,HD BAEK,5,2021-06-29,0,정말 잘 사용하고 있습니다  Ui가 깔끔해서 넘보기 좋아요
224,ᄋᄋ,5,2021-06-29,0,조아유
225,11 4,5,2021-06-29,0,사용하기 좋네요
226,이선주,1,2021-06-29,0,나만 로그인 안 되는 거 아니었네
227,신명근,1,2021-06-29,0,재설치를 했는데도 안돼요 아오
228,heejin,5,2021-06-29,1,사용하기 편리하고 좋아요
229,dew 7,1,2021-06-29,0,계좌 개설하려는 예  벼  자꾸 계좌가 없으시네요 정보 변경은 영업점에서만 가능합니다 이쥐럴 정보 변경하지도 않았는데
230,ᄏᄏ뚱뚜둥tv의 똥또동,1,2021-06-29,0,인증이 막혀서 아무것도 안되네요 어쩌란 건지
231,k.park불패,3,2021-06-28,0,왜 간편 로그인이 안 되는 건가요
232,Standard Yun,1,2021-06-28,1,진짜 앱 거지같이 처만 들어놓고 자기들이 깔끔한 줄 아는 거 역겹네 구토 나온다 정말 UI UX 지저분함 그 자체 이딴 앱에 긍정적 리뷰 남기는 사람들은 리뷰 주작이라고 밖에 판단이 안된다
233,Jin Han,2,2021-06-28,2,디지털 인증서가 먹통입니다 디지털 인증서로 로그인도 안 될뿐더러 재등록도 되지 않습니다 서비스 이용에 불편이 있으니 빠른 조치 부탁드립니다
234,jh son,1,2021-06-27,0,앱이 실행도 안되고 로그인도 안 되는데 어떤 공지도 없고 뭐 하는 건가요 은행 어플은 보안이 중요한데 이런 식으로 먹통이 되면 신뢰할 수 있겠습니까
235,Hyuna hong,1,2021-06-27,0,로그인 좀 하게 해주세요 업데이트도 안 했는데 왜 갑자기 로그인이 안 되나요
236,애플파이,1,2021-06-27,0,앱 유지 업데이트도 제대로 못하면서 무슨 영업을 하겠다는 건가요 며칠이 지나도록 개선된 건 없고 휴일이라 또 오늘은 안된다 정말 대 단들 하십니다 있는 돈 다 인출하고 다신 이용 안 합니다
237,chaeju 77,1,2021-06-26,1,갑자기 오늘 왜 간편 인증도 안되고 타행 등록 이상하다고 나오고 해서 다시 열 번은 더 등록했는데 그냥 꺼지고 열받아서 오기로 했다가 성질 버릴까 봐 중단했어요 진짜 모 이래요
238,hyeon seok Kim,1,2021-06-26,0,생체인 증 계속 오류 나네요
239,and Bella Dina,1,2021-06-25,0,이런 거지 같은 앱에 리뷰를 남기는 시간조차 아깝다 업데이트하고 로그인이 안 돼서 이체 못한 생각하면 욕 한 사발도 안 아깝다
240,강주연,1,2021-06-25,0,아니 삭제 후 다시 깔아도 앱이다 운 돼버리고 하루 종일 은행 앱이 안되다니 너무하네요 아래에도 다 같은 증상인데 개인 문제가 아니라 앱 개선을 하셔야죠
241,권호철,1,2021-06-25,5,생체 로그인 오류가 사용자 폰이 문제인지 서버 문제인지 인식 못 하는 건가 생체 인식 문제가 다수 나오는데 앱이 문제로 판단되는데 같은 답변으로 대처하네요 서버 앱 등을 점검 다시 하세요 앱 업데이트 이후 발생 문제인데 참나 상담이 너무 성의 없네
242,예헷,5,2021-06-25,1,좋아요 
243,bonghwan Hwang,5,2021-06-25,2,타행계좌조회를 한눈에 할 수 있어서 내 돈이 어딨는지 파악하기 편합니다 Good
244,박기준,5,2021-06-25,0,편리하고 쉽게 사용할 수 있어 좋습니다
245,몽실아 즐거웠다,5,2021-06-25,0,이렇게 편리한 뱅킹 정말 강추 합니다
246,유영인,5,2021-06-25,0,점점 더 좋아지고 있네요 잘 쓰고 있습니다
247,노은영,5,2021-06-25,0,황홀 이렇게 편하고 쉬운 앱은 처음 강추합니다
248,김보미,5,2021-06-25,0,너무 세련되게 업데이트돼서 좋아요
249,김사영,5,2021-06-25,0,너무 편리하게 개선된 것 같아요 강츄입니다
250,이종락,5,2021-06-25,0,키보드 뱅킹 아주 편리하네요
251,김영중,5,2021-06-25,0,키보드 뱅킹 편리해요
252,Kwon Deokbae,5,2021-06-25,0,너무 편리하고 좋아요
253,언제나맑음,5,2021-06-25,0,사용하기 쉽고 편리하게 이용하고 있습니다
254,정sunny,5,2021-06-25,0,전반적으로 색상 배열도 심플하고 사용하기 편해요
255,Hyunjun K,5,2021-06-25,1,편리하고 좋아요
256,YoungSup Jung,5,2021-06-25,2,심플하고 조작이 간편해 편하게 사용하고 있어요
257,Yoosuk Shin,5,2021-06-25,0,키보드 뱅킹 잘 쓰고 있습니다
258,김재익,5,2021-06-25,0,좋아요 편해요
259,kwangkyu lim,5,2021-06-25,0,좋네요
260,둥이파파,5,2021-06-25,4,다른 은행 계좌 정보도 쉽게 확인할 수 있어서 좋아요 화면도 복잡하지 않아서 보기 편해요
261,송화준,5,2021-06-25,0,항상 잘 사용하고 있습니다
262,박명훈,5,2021-06-25,0,잘 쓸게요
263,지원,1,2021-06-25,0,저도 잘 쓰던 간편 인증이 재발급 안됩니다 혹시나 싶어 해지는 해보니 되는데 재발급 안돼요 지문도 발급되는듯하더니 그냥 꺼져버리고요 개선 바랍니다
264,수우,5,2021-06-25,3,너무 좋아요
265,플레원딜,5,2021-06-25,0,디자인이 깔끔해서 좋아요
266,Chihwan Yu,1,2021-06-25,0,저도 디지털 인증서가 안되네요 재등록도 불가능함 공인인증서나 아이디 패스워드로 로그인하면 될 거예요 공인인증서로 로그인 성공했거든요
267,Wonyoung Yang,5,2021-06-25,0,선물 감사합니다
268,신철민,1,2021-06-25,0,300이하 간편 이체 되던 거 갑자기 무조건 이체할 때마다 OTP를 넣으라는데 이거 뭡니까
269,이루다모두,1,2021-06-25,0,적금 하나 들려고 들어가려는데 도무지 로그인이 안 돼요 은행 앱이잖아요 어떻게 이렇게 앱 관리자 혹시 무급인가요
270,강래경,1,2021-06-25,12,내가 웬만하면 리뷰 안 쓰려고 했는데 왜 갑자기 로그인이 안 되냐 진짜 다른 은행 모바일뱅킹 여태 쓰면서 이런 경우 없었는데 최악이다 고객들한테 공지 제대로 하세요 여기 들어와 보니깐 다들 그런 상황이구먼
271,마리아,1,2021-06-24,0,자꾸 오류 나서 인증 재발급 신청 끝나면 앱이 꺼져요 아 진짜 이거 빨리 어떻게 좀 해줘요
272,융제임스,1,2021-06-23,0,은행 맞아
273,김재호,2,2021-06-23,0,인증서 발급하면 종료됩니다 입력을 다하고 간편 번호 혹은 지문 인식을 선택하면 프로그램 종료됩니다 쓸 수가 없네요
274,우끼끽우끼끼끼끽끽,1,2021-06-23,1,배가 불렀나요 업데이트 관련 오류 나서 로그인 안 되고 재 설치해야 하는 걸 고객센터 전화해서 확인해야 하는 게 맞나요
275,미다람,1,2021-06-23,4,업데이트 후 간편 번호로 로그인이 안 됩니다 디지털 인증을 실패했다고 계속 뜨네요 어제까지 잘 되던 것이 진짜 짜증 나네요
276,Vicky Kim,1,2021-06-23,1,갑자기 지문인증이 안되는데 이거 뭐지요
277,YongGyu Kim,1,2021-06-23,2,최근에 계속 서버 접속 실패라며 로그인이 안 됨 그냥 주거래 은행 옮겨
278,Kim jaeyoung,1,2021-06-23,1,밑에 분도 그런 거 같은데 간편 번호 인증이 안 되네요 디지털서명이 잘못됐다는데 갑자기 왜 그러죠
279,EgoGO,1,2021-06-23,0,전체적으로 속도 개선이 필요
280,김진영,1,2021-06-23,2,생체 지문등록하는데 마지막 단계에서 계속 앱이 꺼지네요 앱 시스템 관리가 잘 안 되는 거 같네요
281,lee seongahm,1,2021-06-23,1,신분증 인식이 젤 안됨 카카오가 젤 잘되고 다른 은행들도 서너 번에 되는데 이건 진짜 인식률이 개구리 개선을 안 함  이따위로 만들고 모바일뱅킹 사용자가 있겠나 온라인은 포기한 건가 진심 욕 나온다
282,김혁진,2,2021-06-23,0,밤 12시 넘음 계좌 이체 안돼 불편함
283,J W,1,2021-06-22,0,뜬금없이 생체 인식 날아가고 앱도 느리고 절차도 많고 개똥같은 은행 다 보겠네 진짜 이래서 은행이 망하나 싶다
284,김형철,1,2021-06-22,0,앱 구토 나오네 진짜 로그인 도대체 어떻게 해야 됨 카드만 쓰고 있어서 포인트 확인하려니까 계좌개설하래서 개설하려 하면 에러고 그 뒤에 공동 인증서 토스 인증서 다 로그인 되는 척 에러 뜨고 뭐 이딴 은행 앱이 다 있나 모르겠네
285,조현영,1,2021-06-22,4,생체 인식 등록했는데 갑자기 안되더니 재발급 하려고 하면 발급 클릭하면 앱이 닫혀 버리는 무한 반복 징글징글 하다
286,이우연,2,2021-06-22,4,갑자기 지문인증이 안돼서 삭제 후 재등록하는데 어플이 계속해서 다운됩니다
287,Seung Pil Lee,1,2021-06-22,0,네트워크 연결하라고 계속 뜨고 접속이 안되네요
288,박은지,1,2021-06-22,0,어느 날 갑자기 번호 인증 실패 오류 어이없음
289,류해령,1,2021-06-21,0,다른 은행은 잘만 작동하는데 제일은행만 실행하면 멈춰서 작동을 안 해요 주거래 은행인데 거래은행을 바꿔야 하나 고민 중입니다
290,곽원,1,2021-06-21,0,폰을 바꾸고 새로 앱을 다시 설치했는데 앱이 열리지 않아요 로고만 계속 뜨다가 앱이 응답을 하지 않는다는 메시지만 뜹니다
291,Sungsun Park,1,2021-06-21,0,타 기관 인증서 등록하래서 들어가니 로그인을 해야 된다고 도대체 어떻게 로그인하란 얘기인지 이런 앱 살다 살다 처음 봅니다
292,이영종,1,2021-06-19,0,타은행 공인인증서 등록하려고 하니 이용자 번호부적 이용자 번호가 없다고 뜨는데 도대체 어떻게 로그인해야 하나요
293,pitard park,1,2021-06-16,0,타사 비교 너무 불편하다 복잡하고 절차가 많다
294,딸기히토미,1,2021-06-16,8,웬만하면 리뷰 안 남기는데 이번엔 너무 화나서 써본 은행 앱 중 단연 최악 폰 교체 후 아이디 로그인 제외하면 어떤 로그인 방식도 인증서 등록하라고 무한 반복 후 1시간 동안 삽질하다 응 안 써 돈 다 빼고 계좌 해지
295,#NAME?,1,2021-06-15,0,어플 실행이 잘 안돼요 공식 어플 맞나 싶을 만큼
296,Jongseo Park,1,2021-06-15,0,카카오페이 인증서 등록했는데 이체할 때 공인인증서밖에 선택이 안됨 다른 인증방법 선택도 없고 x 누르면 이제 취소 그냥 막아놓은 듯
297,송진용,1,2021-06-14,0,이용자 번호 로그인 화면에서 안 넘어가죠요
298,이지희,1,2021-06-14,7,지금 몇 달째 로그인이 안 돼서 사용을 못 하고 있습니다 정말 화가 날 정도입니다 그전 앱에서는 잔액 확인 이체할 수 있었는데 로그인만 누르면 검은 화면에 원만 계속 돌고 로그인이 안 됩니다 앱을 여러 번 제거하고 깔아도 사용이 안 돼요 제일은행 거래를 그만하고 싶어요 잔액 확인을 할 수가 없어서 자동이체 미출금되서 일이 복잡해졌습니다 앱을 제대로 관리 좀 해주세요
299,박미영,1,2021-06-11,1,모바일뱅킹 재설치하다 화나네요 휴대폰 변경 후 재설치 중으로 카카오 인증으로 몇 번을 시도해도 보안카드 오류 보안카드 사용자만 가능 오류가 나오는데 왜 이런 걸까요 주거래은행인데 은행마저 바꾸고 싶네요
300,정석훈,1,2021-06-11,0,어플 자체가 들어가지질 않아요 계속 인터넷 연결 잘 돼있는데 인터넷 연결이 안 됐다고 하네요
301,장원박,1,2021-06-10,0,너무 인증 절차 변경 복잡 일 좀 잘합시다
302,Mihavah K,1,2021-06-09,1,비잉신들 아이디 입력란에 백 개 넣어봤다 다 있는 아이디란다 그리고 다른 거 조합해서 넣으면 사용 불가란다 도대체 회원가입 하란 거냐 뭐냐 별거로 다해봐도 이미 있는 아이디래 그럴 리 없거든 국민 신한 하나 다 된 거가 여기만 다 막혀 진짜 거지같이 만들었어 배스킨라빈스 아이스크림콘 먹겠다고 회원가입하려고 한 내가 비잉 신예지 이런 걸 만들어놓고는 모바일뱅킹 활성화 이벤트란다 활성화 자체가 안되게 해놓고  퍽도 잘 되겠다 기본 펀더멘탈이라도 마련해놓고 이벤트를 하라고 이 인간들아 가입 자체가 안되고 아이디 자체가 안 먹히는데 무슨 모바일뱅킹 활성화야 최악이다 1점도 아까워  0점 없어서 1점 했다 진짜
303,변영주,1,2021-06-09,0,앱에 들어가면 자꾸 버퍼링이 일어나고 사용할 수가 없네요 어떻게 조치해야 하는지요 급하게 송금해야 할 때는 난감하네요 간편 인증이 안 되나요
304,Kyoungeun Bae,1,2021-06-08,0,별 한 개도 아까움 메이저 은행 어플과는 달리 뭔가 불편함
305,Kei,2,2021-06-08,2,계좌관리 다른 은행 잔액 조회  예전엔 안 그랬는데 업데이트하고 나서부터 계좌관리해서 다른 금융기관 정보 정보 수집 완료되면 계속 어플이 강제 종료되네요 이거 언제 고쳐주시려나 마냥 기다리는데 기약이 없네요
306,이현태,5,2021-06-08,0,좋아요
307,HE Youn,2,2021-06-02,0,앱이 안 떠요 화면만 나오고 로그인 창이 안 떠요 뭐죠
308,MINJUNG KIM,1,2021-06-02,0,며칠 전부터 앱이 안 열려 제거하고 다시 설치했는데도 로그인 누르면 계속 로딩 화면만 나오네요
309,멀티페르소나,1,2021-06-01,0,서버 연결이 안된다네요 긒한 송금 확인해야 되는데 어떻게 해야 될까요 밑에 질문한 분과같이 노트 10입니다
310,김선호님,1,2021-05-31,0,사용하기 너무 어렵네요 인증번호 오는 것도 전송도 안되고 그냥 포기합니다
311,이재철,1,2021-05-28,0,디지털 인증서 발급이 안되네요 은행 창구에서 직원과 둘이서 계속하는데도 계속 오류만 뜨고
312,조성우,1,2021-05-27,0,앱 진짜 개문 뒤 같네 어제 금융 인증서 등록해서 이체했는데 오늘 또 이체하려니깐 또 등록해라 카노 아우 급여통장 바꾸든가 해야지 구인 증서 사용할 때도 불편하던데 이번엔 인증서 등록이 제대로 안되네 쉣
313,상수니테레비,2,2021-05-27,0,요 며칠 접속이 안되네요 수정 부탁드립니다 월 말도 다가오고 부탁드립니다
314,류중희,1,2021-05-26,0,앱 먹통 신규 회원가입하고 싶어도 하지 말라는 건가
315,김민영,1,2021-05-26,0,사용한 은행 앱 중 가장 기능성은 떨어지고 처리 속도는 느리며 기능성은 떨어짐
316,시루찡,1,2021-05-25,0,어플 권한 허용 버튼이 안 눌러지는데 오류인가요
317,장덕진,1,2021-05-25,0,진짜 어플 뭣같이 만들어놨네 와이파이 아니면 들어가지지도 않네
318,HJ Noh,1,2021-05-25,0,선결제 15개씩밖에 안되는 거 수정하겠다고 한 게 19년인데 아직까지도 15개씩 찍어가지고 결제해야 됨 진짜 심각하게 시대에 뒤떨어진 어플
319,빡범2,1,2021-05-25,0,참 대단한 은행이네요 모바일 otp를 받으려는 이유가 여러 가지겠지만 평일에 직장인은 어쩌라고 지점에 방문을 무조건 하라는 거지 머 아직까지 이런 복잡한 식으로 운영하는 은행이 살아남는지 모르겠네요 역시 안되는덴 안되는 이유가
320,you마찌,5,2021-05-25,0,좋아요
321,Joh Minjun,1,2021-05-24,0,번거롭고 인증서는 제대로 발급도 안된다 그냥 카카오뱅크나 케이뱅크 추천
322,소우주,3,2021-05-24,0,아니 추가 인증 5분에서 15분 걸린다면서요 근데 아무리 기다려도 문자 안 와요 어찌 된 건지
323,윤헤븐,1,2021-05-23,10,아니 이 정도면 사기 아닙니까 인터넷 전용 계좌 개설 방금했고 OTP인 증 전화 인증해도 또 같은 짓만 반복하게 만드네  내가 쓴 글은 삭제하는 겁니까 지금 어플 켜놓고 불편 팩트만 그대로 다 쓰고 있는데 신규 고객 정보들만 빼가고 사실상 절묘하리만큼 교묘하게 이용은 못하게 거지같이 만든 어플 써야 게 끔 뭐지 캐짜증남 토스로 연결할래도 이것만 이지하게 만듦 지금 구라 안 치고 인증 전화랑 OTP만 10번 넘게 하고 있음 모바일 OTP 인증되면 전화코드 인증하래고 전화 인증하고 나면 다음 화면이 또 OTP 인증임 장난하냐고
324,andrea k,1,2021-05-21,1,아니 앱 새로 설치해서 타 기관 인증서 등록하려 했더니 단말기 등록 하라 함  인증서 등록 하라 함 이게 무한 반복임 이거 앱 만든 개발자는 생각이라는 게 있습니까
325,규깨비,2,2021-05-20,0,이체해야 될 일이 있어도 이체도 못하고 이게 뭔가요 접속해도 화면이 넘어가지도 않고요
326,David B,4,2021-05-20,1,앱 현재 먹통이네요 왜 이런 거죠 2021520일 현재 됩니다
327,유영재,4,2021-05-19,0,좋음
328,노대표,5,2021-05-18,0,굿
329,이유성,1,2021-05-17,0,업데이트 후 자꾸 다운돼서ᆢ 삭제 후 재설치 했지만ᆢ 똑같이 안되는군요ᆢ 사용 포기하렵니다
330,이계순,5,2021-05-17,0,좋아요
331,최재은,1,2021-05-17,0,어플 포기했나요 로그인조차 안 되네요
332,멀리,1,2021-05-15,18,모바일 OTP를 발급받는데 비밀번호 6자리를 입력하라 해서 입력했더니 영문 조합을 하라고 합니다 그런데 입력을 함에 있어 숫자 키패드만 나오는데 영문 조합을 도대체 어떻게 하라는 걸까요 답변 바랍니다
333,고니,1,2021-05-15,3,타 기관 인증서 등록하려니 단말기 지정하라고 하고 단말기 지정은 로그인 필요하다고 나오고 로그인하려니 타 기관 인증서 등록해야 하고 어떻게 하라는 건지 잘 모르겠네요
334,sh p,1,2021-05-15,0,접속이 안될 때가 왜 이렇게 많은지 처음 화면에서 안 넘어가는 경우가 많네요 업데이트해도 그렇고
335,da ra,1,2021-05-14,0,로그인 비밀번호 초기화  모바일 otp 발급  로그인 비밀번호 초기화하라고 계속 무한 반복입니다
336,손인석,1,2021-05-14,0,진짜 욕밖에 안 나온다 한동안 잘 되다가 며칠 전부터 앱을 실행하면 로딩에서 다음 화면으로 안 넘어가지고 계속 그 상태로 멈춰있음 앱 버그 수정하세요 이럴 거면 왜 앱 개발해서 장사해먹노
337,S.H Kim,1,2021-05-11,18,아직도 이런 앱이 있네 휴면계좌 있다고 대출 견적도 못 뽑고 로그인하려면 타 기관 인증서 등록하라고 그러고 타 기관 인증서 등록하려면 로그인하라고 그러고 뮙니까 핀테크 카카오페이 로그인하려고 했더니 보안카드 번호를 묻고 무한 반복 접근금지네
338,김경수,1,2021-05-11,1,사업자 계좌인데 계속 네트워크 연결이 안 되니 어쩌라는 건가요
339,정명환,1,2021-05-11,8,급여 이체 통장으로 사용하고 있습니다 2주 전부터 네트워크가 연결이 안 된다고 에러 메시지만 뜨고 연결이 안 됩니다 지웠다가 다시 깔고 업데이트를 해도 안됩니다 갤럭시 노트 10 사용하고 있습니다 해결 좀 해주세요
340,분홍별,1,2021-05-08,0,오늘 종일 어플이 실행이 안 되네요 뭔가요 이체도 안 되고 화가 나네요
341,태인순,1,2021-05-06,1,우리 동네 딜리버리와 함께하는 이벤트에 신청하려고 sc제일은행 앱도 깔고 그래서 몇 시간에 걸쳐서 겨우 통장 하나 만들고 또 통장 내역을 알려고 앱을 깐 뒤 뭐 인증서니 신분증 복사니 다해서 겨우겨우 다 된 것 같은데 그래서 이 앱을 로그인해서 들어갈려는데 또다시 핀테크 뭐 어쩌고를 또 하라고 하고 와 진짜 미쳐죽겠네요 전화해도 자동응답기만 돌아가고 받지도 않고 아니 무슨 통장 하나 만드는 게 그렇게 해놨나요 저 신분증도 몇 번이나 촬영해서 올렸고요 무슨 인증도 수도 없이 했어요 그 sc제일은행 그 앱 왜 로그인이 안 되냐고요 인증서도 만들고 진짜 몇 시간을 헤매면서 했는데 또 핀테크 어쩌고만 나오고 진짜 어떻게 좀 해줘요
342,A.R J,5,2021-05-06,0,사용하기 편리해요
343,monica kim,1,2021-05-06,7,왜 로그인이 갑자기 안 되는 건가요 네트워크 연결이 안 된다니 다른 건 잘만 되고 난 무제한인데 사업자 후 계좌인데 이러니 미치기 일보 직전입니다 갤럭시s20입니다
344,장도규,5,2021-05-06,0,좋아요
345,안드라,3,2021-05-05,0,로그인이 자주 안되네요 제거했다 다시 해보는데 좀 신뢰가 안되네요
346,오혜정,3,2021-05-04,3,입출금 통장 입금내역이나 출금 내역 조회할 때 기간으로 밖에 조회가 안되는데 기간별 내가 찾고자 하는 단어문자기 이로 조회할 수 있게 해주세요  어디서 들어온 건지 날짜 기억도 안 나는데 입출금 내역 많으면 사람 미침
347,장정애,5,2021-05-04,0,사용하기 편리해요
348,박현아,1,2021-05-03,0,로그인이 안 되네요
349,고명주,1,2021-05-02,1,앱 실행시키면 로그인에서 뱅글뱅글 쓸 수도 안 쓸 수도 없는 다른 것 전혀 안되고 삭제하고 다시 깔아도 역시나 사용할 수가 없네요
350,유희민,1,2021-05-02,0,실행이 안되네요 로딩만 돌고
351,찌뿌띠,1,2021-05-02,0,다운이 10분째 안됩니다
352,심심할땐머하꼬,1,2021-04-30,4,장난치는 것도 아니고 로그인조차되질 않는데 어떻게 사용하라는 겁니까 아이디 로그인 안 돼서 다른 방식으로 설정을 해도 안되고 업데이트할 때마다 자꾸 이렇게 되는 겁니까
353,배기창,1,2021-04-29,0,접속 불가라 뜨네요 황당해서 어찌 금융 웹을 이리 쓰레기처럼 만들 수 있나요  
354,오현숙,5,2021-04-29,0,좋아요
355,봄,4,2021-04-28,0,해외 거주 중입니다 장기 이체를 안 하여 이체 서비스를 사용 못 하고 있네요 하나은행처럼 얼굴인식 등으로 이체 서비스를 원활하게 이용할 수 있게 해주세요
356,Sang Un Lee,1,2021-04-28,3,진짜 앱을 뭐 같이 만들었다 새마을금고보다 수협보다 못한 이름만 영어 완전 구닥다리 비번 초과했다고 변경하고 바꿨지도 않고 로그인 계속 하라하고 비번은 못 바꾸고 로그인은 되지도 않는데 똑같은 짓만 반복 2시간째 정말 안 써야겠다
357,안대현,1,2021-04-27,0,공인인증서 로그인 무한 렉 아이디 비번 로그인 무한 렉 사용하기 너무 불편합니다
358,서창현,1,2021-04-27,0,어제부터 인증 화면도 안 들어가네요 다시 깔아도 안되고 이체해야 되는데 뭐죠
359,body S,1,2021-04-26,0,왜 갑자기 접속이 안됩니까
360,김중연,1,2021-04-24,0,제일은행 어플 외화 금액이 안 보이는데 왜 그런 것인 가요제가 가입한 보험도 안 보이는데 왜 그런지 궁금합니다
361,피니지2,1,2021-04-24,11,아니 이거 어플 바뀌고 나서 은행 점검 시간만 끝나면 뭔 오류가 이렇게 많아졌어요 갑자기 로딩 랙이 걸리고 돈 이체 누르면 계속 무한 로딩 걸리고 혹시나 해서 와이파이 땜에 그런가 하고 와이파이 거도 그렇고 진짜 요즘 들어 어플 전에 쓰던 버전의 어플보다 못함
362,변영권,5,2021-04-22,0,좋아요
363,Jenny,3,2021-04-21,1,입출금 푸시가 올 때가 있고 안 올 때가 있습니다 알람은 허용된 상태인데 간헐적으로 알람이 오니 너무 불편합니다
364,이동희,1,2021-04-21,0,최악의 쓰레기 앱 당행 계좌 조회조차도 안되면서 무슨 오픈뱅킹이냐
365,김종용,5,2021-04-21,0,Good
366,조성근,5,2021-04-21,0,굿
367,이진석,5,2021-04-21,0,너무 쉽게 되어있어 편해요
368,MK K,5,2021-04-21,0,간편 인증 편해요
369,문성환,5,2021-04-21,0,굿
370,기봉성,5,2021-04-21,3,복잡하지 않고 시인성이 좋음
371,김준기,5,2021-04-21,0,좋습니다 최고예요
372,HYE RYEONG YU,1,2021-04-21,3,이체하는데 보안카드에 인증서 비번까지 입력하라고 해서 당황스럽네요 요즘 누가 이렇게 귀찮게 이체하죠 그냥 돈 다 뺐어요
373,강만승,5,2021-04-20,0,너무 편안하고 좋아요
374,JaeKwang Chung,5,2021-04-20,0,은행을 방문하지 않고도 은행 업무를 다 할 수 있어 정말 좋아요
375,꾹민,5,2021-04-19,1,사용하기 편리합니다
376,이승락,4,2021-04-18,1,홍채인식 며칠 동안 안되는데 별짓 거리 다해봐도 안되는데 변명이라도 해주세요
377,KUMA Xeno,1,2021-04-18,0,빌어먹을 며칠째 로그인이 안 돼요 다른 분들도 비슷한 증상 겪고 있는 거 같은데 개발자 이메일 알려주고 또 귀찮게 연락하라고만 하지 말고 원인 파악하셔서 업데이트 좀 하세요
378,홍길동,1,2021-04-17,0,왜 인증이 계속 안 되나요 사람 미치게 만드네
379,황상훈,1,2021-04-17,0,갑자기 디지털 인증서 계속 오류로 로그인 불가 삭제 후 다시 설치하려고 하는데 디지털 인증서 등록도 안되네요
380,박보현,1,2021-04-17,3,정말 거지 같네요 홍채 로그인이 안 돼서 다시 깔으려 해도 통신장애 에러 메시지 뜨고 먹통이네요 몇 번을 해도 마찬가지 공동 인증서로 바뀌면서 인증서 재발급 과정에서도 먹통이라 어플만 쓰는데 이것마저 안되니 화가 나네요 나름 오래 이용했는데 타은행으로 바꿔야겠어요
381,박종욱,5,2021-04-16,0,사용이 편리하네요
382,Kyosun s,5,2021-04-16,0,너무 좋아요
383,김브루스,5,2021-04-15,0,정말 사용하기 좋고 간편하네요 제일은행 강추
384,Google 사용자,5,2021-04-15,1,깔끔하게 편안하게 좋습니다
385,원원,1,2021-04-14,0,잘 오던 알림이 안 와서 또 재설치함
386,유승애,5,2021-04-14,0,좋아요
387,김현기,1,2021-04-13,0,로그인이 왜 갑자기 안 되나 요 몇 번이나 삭제하고 다시 깔아도 안됩니다
388,윰,4,2021-04-13,5,평소 앱을 잘 이용하고 있습니다 한가지 요청사항은 이벤트  종료 이벤트도 최신순으로 정렬 부탁드립니다 최근 응모한 이벤트 결과를 확인하려고 했는데 종료 이벤트는 오래된 날짜부터 2019년부터 조회돼서 한참을 내려야 보이네요 
389,아프리카노,1,2021-04-13,0,앱 구동이 왜 이렇게 느린지
390,[고시넷]고3수능사회탐구 유지훈 원격코칭,5,2021-04-12,0,Ok
391,김희진,2,2021-04-12,0,아니 입출금 알림이 왜 이런가요 입출금 알림이 왜 오다 말다 그런가요 매번 들어가서 재설정 해야 하나요
392,성네임,1,2021-04-10,0,암호화 세션이 만료되었다고 뜨고 이체가 안되는데 이유가 뭔가요 이유를 알아야 뭘 할 텐데 주말이고
393,손성일,1,2021-04-09,0,아니 금액을 이체해야 하는데 계속 오류가 며칠째 지속되고 어떻게 업무를 보라는 건가요 개선되기는 하는 건가요 주말이라 지점 영업도 안 하는데
394,성욱서유윤솔Mom,1,2021-04-08,0,자꾸 어플 실행 시 오류 발생이라고 떠요 자주 이렇게 돼요 삭제 후 다시 어플 설치하고 하면 되긴 하는데 불편합니다
395,jeonggyu kang,5,2021-04-07,0,앱이 간단하게 구성되어있어 조작이 편하고 신용대출 신청이 쉬워요
396,윤준하,1,2021-04-07,0,개병맛같네 휴면계좌 풀려고 앱 다운받으라드만 로그인하려면 휴면계좌 풀라고 그러고 로그인 자체가 안되게 쳐 만들어놨네 어쩌라는 거여
397,샤나샤나,1,2021-04-06,0,느려터짐 뭐가 업그레이드된 건지 하나도 모르겠네요
398,이소영,1,2021-04-06,0,왜 먹통인가요
399,Leo Kim,1,2021-04-06,2,접속이 안됩니다 계속 로딩 반복 중이고요 삭제 재설치 반복했지만 동일합니다 사용이 불가한 상태입니다 신속한 확인 바랍니다
400,Mi Lee,1,2021-04-05,0,앱이 업데이트 이후로 열리지 않습니다 앱에 이상이 있는지 빠른 확인 요청드립니다
401,이정환,1,2021-04-02,8,지문등록을 여섯 번째 다시 하다가 안돼서 앱 삭제 후 다시 설치하니 권한 등록에서 먹통 와 은행 중에 제일 거지 같은 시스템을 가지고 있네요 내일 당장 다 잔고 빼고 카드도 정지 정신건강에 여기 안 쓰는 게 좋음
402,강무현,2,2021-04-02,0,로그인하는데 로그인 비빌 번호 초기화하라고 뜨는데 어떻게 해야 함
403,Kangboong Yoo,5,2021-04-02,0,화면이 심플하고 간단해서 이용과 조작이 편해요
404,김인태,5,2021-04-02,0,사용하기 편해요
405,오경숙,1,2021-04-02,0,폰 변경으로 어플 깔려는데 로그인에서 계속 돌기만 하네요 이체해야는데 다른 어플들 다 깔았는데 
406,황미현,5,2021-04-02,0,누구나 쉽게 사용하기 편하네요
407,윤경희,5,2021-04-02,0,사용자가 편리하게 쉽게 잘 되어 있어요
408,갈비맛핫도그,5,2021-04-02,0,깔끔하고 사용하기 편합니다
409,정문국,5,2021-04-02,0,사용하기 편해요
410,Joo Dong Youn,5,2021-04-02,0,사용하기 편하고 대출 신청이 수월해서 좋습니다
411,James J,5,2021-04-02,0,다른 은행처럼 잡다한 것이 많지 않아서 편해요
412,Sunghyun Lee,5,2021-04-02,0,대출 사용 싑고 편해요
413,이동욱,5,2021-04-02,1,앱이 간결하고 보기 편해서 좋습니다 대출 신규도 편함
414,MyungGyu Lee,5,2021-04-01,0,심플해서 이용하기 편해요
415,황주희,5,2021-04-01,0,좋아요
416,제임스박,5,2021-04-01,0,사용하기 간편하여 어럽지 않고 디자인도 매우 마음에 듭니다
417,송영숙,5,2021-03-31,0,good
418,김용대,5,2021-03-31,0,좋아요
419,임정빈,5,2021-03-31,0,좋아요
420,임영은,5,2021-03-31,0,한눈에 알아보기 쉽고 편리하고 좋아요
421,김민철,5,2021-03-31,0,
422,윤신중,5,2021-03-31,0,진짜 편하게 만들었네요 최고예요
423,조경화,5,2021-03-31,0,스마트합니다
424,heejin kim,5,2021-03-31,0,사용하기 편리합니다
425,유혜경,5,2021-03-31,0,보기 편하고 좋아요
426,찰리5,5,2021-03-31,0,사용하기 편합니다
427,최은지,5,2021-03-31,0,사용하기 편리하고 좋네요
428,정신정,5,2021-03-31,0,어플이 직관적으로 사용하기 편해요
429,마틴김,5,2021-03-31,0,어플이 직관적으로 사용할 수 있도록 만들어졌네요 사용하기 편해요
430,Sophia Han,1,2021-03-31,0,어플이 자꾸 꺼져서 사용을 못 하겠어요 터치하면 검정 화면 나왔다가 그냥 종료됩니다 삭제 후 다시 깔았는데도 왜 이러는 거죠
431,감자원조해시브라운,1,2021-03-30,0,로그인 계속 안돼요 주는 행인데 어쩔 거예요
432,김한태,1,2021-03-30,0,참 타행 인증서가 등록이 안되네요
433,장진혁,1,2021-03-29,0,조 회화원으로 한번 가입하면 그냥 끝장남 다른 기능 쓰려면 모바일 OTP 발급하라는데 발급하기 누르면 조회 회원이라고 튕김  어쩌라고 너네 안 씀
434,김be happy,1,2021-03-26,0,포기  회원가입하다 포기합니다 
435,박인호,5,2021-03-26,0,사용하기 편리해요 자주 사용할게요
436,전유진,1,2021-03-26,0,타은행 전용 앱 보다 초기 실행이 너무 느립니다 너무 무거운 느낌이에요 속 터집니다
437,이태우,1,2021-03-25,1,업데이트하고 인증 화면에서 로딩만 되고 화면 넘어가지 않습니다 하 진짜 은행을 왜 여기로 선택해가지고 스트레스받네요 머 합니까 안되는 사람이 한둘도 아닌 거 같은데 빠른 시일 내 업데이트를 다시 하던가요
438,Sung-Soo Kang,1,2021-03-25,0,이 미친 앱은 지웠다 깔아도 똑같이 서버 접속 어쩌고 뜨면서 되지도 않네 메일 주소 쓰고 보내달라고 답변 달지 마라 너네가 폰에 깔아봐라 되나 안 되나
439,이형이18점 치거든,3,2021-03-25,1,지금 로딩만 되고 접속이 안되는 이유가 뭘까요 25일 결제일로 사용자분들도 많으실 텐데
440,정미영,1,2021-03-23,0,정말 타은행에 비해 너무 느리고 안 열릴 때가 많아요
441,김영자,5,2021-03-23,0,사용하기 편리해요
442,캔디스,1,2021-03-23,0,별 하나도 아깝다 은행 옮긴다
443,오수인,1,2021-03-23,0,몇 달 전부터 과잉 송금이 되더군요 만원 정도 그게 별거 아닌 것 같지만 제겐 큰일입니다 바로잡아 주세요 이게 뭐 하자는 겁니까 제게는 만 원도 큰돈입니다
444,도도진,1,2021-03-23,0,이 앱 업데이트 되며 내 폰 모든 어플 안돼서 재설치 카톡 네이버 짜증
445,머스타드치킨,1,2021-03-20,0,어쩌란 겁니까 대체 19일부터 계속 접속 불가이면 은행 업무는 어떻게 봐야 하나요
446,Song E Kim,2,2021-03-19,0,며칠째 로그인이 안 돼요 로그인 화면에서 아이디 비밀번호 기입하고 로그인 버튼 누르면 로딩이 계속 무한 반복돼서 정말 답답해요
447,이니공쥬,1,2021-03-19,2,서버 접속이 원활하지 않다고 접속은 안되고 와이파이도 팡팡 터지는데 네트워트 연결이 원활하지 않다네요 주거래 은행이라 계좌이체 자주 하는데 빠른 문제 해결 부탁드려요
448,m m,1,2021-03-19,0,모바일로 카드 신청 몇 번을 하는지 모르겠네 직장명에서 왜 계속 오류 납니까
449,Selan P.,1,2021-03-19,0,로그인이 안 돼요 업무를 볼 수 없어요
450,RARA J,1,2021-03-18,0,로그인 시 타행 공인인증서 등록하려 민증번호 입력하면 정보부적이라고 뜨고 안됨 정보 부족도 아니고 부적이라니 나름 금융 어플이 이렇게 허접할 줄 몰랐네요
451,고군,1,2021-03-18,0,살다 살다 은행 앱에 짜증 나서 리뷰도 써보내  대충 리뷰 별점 테러 당한 내용 보면 뭐가 문제인지 안 보이나요 다들 로그인 시 무한 로딩에 전산 네트워크 접속 시 로딩이 잘 안되는 걸 호소하는데 메일로 문의하라는 봇식 답변 붙여넣기 10년 정도 제일은행 씨고 있는데 살짝 바꿔야겠다는 생각이 드네 앱 개발자가 바뀐 건가 안 이랬었는데 갑자기 이상해졌네
452,안은애,1,2021-03-18,0,아예 접속이 안돼서 사용이 안 됩니다 앱 서버 접속이 불안정하다고 하는데 해결해주세요
453,이우주,5,2021-03-17,10,휴대폰 번호를 원래 계좌번호에서 휴대폰 번호만 딱 계좌번호로 등록할 수 있는 서비스 좀 해주세요 2009년부터 건의드렸는데 11년째 서비스 개선 의지가 없어 보입니다 한번 검토 부탁드립니다 위에는 2020년 10월에 권유 드렸고요 아직 진정이 없으나 리 워드 360체크 카드가 발급 종료 갱신 중단되면서 이제 쓸 일이 없어집니다 시중은행처럼 저금리 시대인 건 알지만 고객 가치 실현을 위해 기존에 있던 집토끼들에게 예금 얼마 넣으면 우대금리를 준다고 하던지 좀 어떻게 해봐요 스마트폰 뱅킹은 칼뱅 다음으로 제일은행이랑 기업은행이 저랑 맞는데 아쉬워요
454,* lovesome,1,2021-03-17,11,V3 오류로 로그인은 무조건 2번씩 하게 합니다 로그인돼서 다른 걸 누르면 v3 메모리 부족인 기와류 팝업창이 뜨며 자동 종료 다시 로그인하면 그땐 괜찮아요 근데 앱이 좀 거지 같긴 한데 이건 왜 개선이 안되나요 앱 환경개선에 투자 좀 하세요
455,UMA wagon,1,2021-03-16,1,업데이트 후 다른 은행 계좌 보는 기능이 제대로 작동하지 않아요 타은행의 모든 계좌가 나오자마자 앱이 스스로 종료됩니다 많이 불편해요
456,박나리,1,2021-03-15,0,타은행 OtP 카드 인증 오류가 계속 뜹니다
457,호잇,1,2021-03-14,0,개후짐 몇 번을 지우고 다시 깔고 여러 가지 방법으로 로그인을 시도해봐도 로그인이 안 됨 대체 왜 안됨 로딩만 엄청 걸림  은행 다 옮겨야겠다고 생각 들었음
458,SOOYEON JUN,1,2021-03-12,9,정말 거지 같네요 공인인증서 내보내기 가져오기 암만해봐도 안된다는 팝업창만 부지런히 떠요 내가 기입을 실수한 것도 없는데 다른 은행 볼일은 5분이면 끝났는데 이거 1시간을 붙잡고 진짜 짜증 나네 여기는 사용자 편의사항 개선을 위한 노력을 안 합니까 불만 리뷰가 판을 치는데
459,ᅳ희야냥ᅳ,1,2021-03-12,0,서버 접속에 실패했다고 로그인도 안 되고 이체해야 하는데 멀 아무것도 못하고 있네요
460,박진영,1,2021-03-12,0,왜 갑자기 이리 로그인을 할 수 없는 건가요 기본 로그인은 할 수 있게 해주셔야죠
461,sungmin kim,1,2021-03-12,0,접속 불가
462,최유나,1,2021-03-11,0,이용하는 앱 중에 가장 불편하고 처리도 안됨 앱 후기 같은 거 안 쓰는데 심각하였음 개선이 매우 필요해 보임 적금 끝나서 출금한 여는데 안됨 하왜만듦
463,이지안,2,2021-03-10,0,요새 입출금 알림도 안 오고 앱 켜지는 속도가 너무 느려요 새로 깔아도 이러네요
464,박상근,1,2021-03-10,0,하루 종일 빙글빙글 짜증 나네
465,김민정,1,2021-03-09,0,타기만 금융 인증서가 있는데 왜 자꾸 없다고 발급받으라고 나오죠
466,나나,1,2021-03-09,0,로그인도 못하게 막아놓고 뭘 하라는 건가요
467,t u,1,2021-03-08,0,연결이 안 돼
468,Nahyun Jo,1,2021-03-08,0,제발 서비스 개선 좀 해주세요 뱅킹을 할 수가 없잖아요
469,SSG 2017,1,2021-03-07,0,뭔 점검을 7시간 동안이나 함
470,정태산,1,2021-03-05,0,모바일 앱이 무슨 21시부터 영업시간 따지냐 별 1개도 아깝다
471,Eun Gyu Lee,1,2021-03-04,5,어떻게 좀 해봐요 금액 분명 확인하고 보내는데 최종 금액 변경돼요 저번 어플은 괜찮았는데 오류가 생기는 건 뭔가 문제가 있는 거 아닌가요 좀 제대로 만들어지면 올려야지 어쩌라는 거예요  지금은 버전업 후 오류 없이 사용 중입니다
472,김승환,3,2021-03-03,0,스탠다드 차타드 은행 많이 개선되었네요
473,전수빈,1,2021-03-03,0,은행 업무를 봐야 하는데 로그인 자체가 안되는 치명적인 결함이 있습니다 다른 많은 사용자들도 같은 불편을 겪는 것 같은데 일일이 이메일로 한 명 한 명 해결한다는 게 말이 안 되는 거 같네요
474,Dong Hoon Lee,1,2021-03-02,0,난 설치도 안됨 거지 같음
475,oo o,1,2021-03-02,0,업데이트는 왜 해서 로그아웃 시키냐 급해죽겠는데  생각 좀 해 은행 놈들아
476,익명,1,2021-03-01,0,폴드 시리즈는 신경 안 쓰셔도 너무 안 쓰시네요 로그인할 때 글씨들이 아예 겹치네요 폴드 시리즈는 쓰지 말라는 건가요 폴드 시리즈도 화면비율 맞춰주세요
477,이세희,1,2021-03-01,0,진행하다 다시 인증 후 다시 원래 앱으로 안 간다 저능아 앱이냐 열받게 하네
478,Minmo Kim,1,2021-02-27,4,모바일 otp 등록을 저녁에는 왜 못하게 합니까 스마트 otp 변경하려니 4543 신 otp 카드 오류 기발급 되었거나 db에 자료 존재하지 않는다 여러 인증 다 끝내고 완료되면 계속 이 오류 은행 모바일 otp 등록은 바로 되는데 이러니 은행 오픈뱅킹만 씁니다 아휴 답답 주거래 빨리 바꿔야 되는데  결국 주거래 다른 은행으로 싹 바꿨네요 속 편하고 좋습니다
479,은지,1,2021-02-27,0,로그인 너무 복잡합니다 자꾸 보안카드 오류 뜨고 카카오페이 인증은 평일만 된다고 하고 짜증
480,Dukhoon Kim,1,2021-02-26,21,다른 금융앱은 안 그런데 도대체 왜 이런 건지 로그인 화면까지 가지도 못하고 통신 연결 상태 확인하라고 하고 종료되 버리네요 여기 지금 글 쓰고 있으니 통신 상태에는 이상이 없는데 제발 똑바로 좀 합시다 은행을 바꾸던지 원
481,Seung.Tae CHoi,1,2021-02-26,0,로딩에서 넘어가지 감았네요 어떻게 해야 되나요
482,Google 사용자,1,2021-02-25,0,하루 종일 돌기만 하고 되지 않음
483,정소정,5,2021-02-25,0,쓰기 편하고 좋아요
484,오지윤,1,2021-02-25,0,별점 1개도 못 줘요 이런데 글 남기지도 않는 1인데요 여차여차 계좌 만들고 거래하지만 이런 앱이라면 모두 떠넙니다 열리지가 않아요 매번 삭제하고 새로 깔고 그때 잠깐 되고 또 먹통 전화 몇 번 해두긴 했는데 제대로 고쳐주세요
485,jaehyu chi,1,2021-02-25,0,웹페이지를 열 수 없다는 멘트가 주황색 화면을 채우고 실행되지 않습니다
486,777 joon,1,2021-02-25,0,탈퇴는 어떻게 하나요 뭐가 돼야 이용하든 말든 하죠 계속 인증만 하래;;
487,윤cecilia,5,2021-02-25,0,다른 은행 보다 눈에 잘 들어오는 것 같아 쓰기 좋네요
488,dory gom,1,2021-02-25,6,모바일 가입하려는데 인증하는 거 때문에 성질나서 못하겠네요 모바일 otp 6자리 입력하라고 하는데 가입 로그인 영문 숫자 조합 적으라는 건 뭔가요 인증도 제대로 안되고 로그인을 할 수가 없어서 그냥 포기하네요 어플 소프트 디버깅 많이 필요하네요
489,최은영,1,2021-02-25,0,진짜 몰 이렇게 안되는지
490,원바다,5,2021-02-25,0,정말 편리하고 좋아요
491,Si won Choi,1,2021-02-24,0,가입 자체가 안됨 짜증 나서 지운다 이름 직장 주소 뭐하나 틀린 거 없는데 자꾸 틀렸다고 나옴
492,박화란,5,2021-02-24,0,타은행 대비 들어가서 업무처리 절차가 간소해서 좋아요
493,꿈꾸는별,1,2021-02-23,0,업데이트 이후 로그인 안 됨 멈춤 버그 좀 해결해주세요 답답
494,Min Kang,1,2021-02-23,9,
495,권용민,1,2021-02-23,0,아니 너무 별론데요 아니 인증서 비번 설정하고 맞게 쳤는데 계속 오류 나는 데요 무슨 일
496,메이커 [스틱파이터],1,2021-02-23,0,100만 원 이상 이체 시 추가 인증을 요구하는데 해외 체류 확인 메뉴가 없습니다 해외 체류라서 추가 인증 sms 수신 전화 안되는데 이 출입국인 증 메뉴 만들어주세요
497,최윤화,5,2021-02-22,2,메뉴가 한 번에 보기 편하고 간편 번호 등록 후 사용하니 간편하게 어플 사용이 가능해서 좋아요
498,오병호,5,2021-02-22,1,한눈에 자산현황 보기도 편하고 세부항목들이 사용하기 편하게 돼있어서 잘 사용하고 있습니다
499,Naia Kim,5,2021-02-22,2,모바일 뱅킹이 쉽고 편하게 잘 되어있어서 일 처리하기가 좋아요 친절하시기도 하니 은행이 가까이 다가와서 고맙습니다
500,Mihwa Jang,5,2021-02-22,0,보기 쉬워요
501,최은정,5,2021-02-22,0,사용하기 편리해요
502,Young Ju Lee,5,2021-02-22,0,사용 편리하고 너무 좋음
503,나얌,5,2021-02-22,0,깔끔해요
504,이용찬,5,2021-02-22,0,최고예요
505,임동명2,1,2021-02-22,0,왜 이리 접속이 안될까
506,jihoon park,5,2021-02-22,0,사용하기 편하다
507,류명희,5,2021-02-22,0,최고다
508,김영석,5,2021-02-22,0,최근 사용 건 중 최고네요
509,Mi Kyeong Kim,5,2021-02-22,0,매우 간편하고 편리해서 좋아요
510,정성훈,5,2021-02-22,0,사용하기 편하다
511,이윤주,5,2021-02-22,0,편리합니다
512,Sunghee Park,5,2021-02-22,0,한눈에 보기 편하다
513,박경희,5,2021-02-22,0,편리함
514,조은주,5,2021-02-22,0,계속 사용하던 앱이어서 편하게 사용 중이에요
515,박태이,5,2021-02-22,0,좋아요
516,조시훈,1,2021-02-21,0,느리고 많이 불편합니다
517,김형권,5,2021-02-21,0,사용해보니 편리하네요
518,정영민,1,2021-02-20,0,자꾸 앱이 중단돼요
519,윤덕환,1,2021-02-20,3,아니 뭔 신분증 촬영하기가 월드컵 4강 들어가는 것보다 더 힘드네 하루 종일 각 잡아가면서 찍어댔지만 계속 실패 그 초점은 대체 언제 맞춰지는 건가요 수입지출 구분하려고 통장 하나 더 만들려 했더니만 그냥 씨티은행 몰빵 해야겠네요 내 살다 살다 이렇게 스트레스받는 어플은 처음입니다 Ps; 페이코를 통해 계좌 개설하니 한방에 신분증 확인 완료 키보드 뱅킹 인가 뭐신가 하는 스마트뱅킹 초점 좀 어떻게 해봐요
520,서주애,1,2021-02-18,0,와 진짜 가입하다가 숨 넘어갈 뻔
521,조현철,5,2021-02-18,0,사용 편함
522,문정은,5,2021-02-18,0,예전부터 잘 사용하고 있습니다
523,방재희,5,2021-02-18,0,좋아요
524,Jayoun Oh,5,2021-02-18,0,아침마다 환율 알림이 우리은행보다 정확하게 와서 좋아요
525,요조건담,5,2021-02-18,0,디자인이 깔끔하고 사용하기 편함
526,박종철,5,2021-02-17,0,메뉴가 직관적으로 잘 구성되어 있네요
527,이강기,5,2021-02-17,0,앱이 많이 업그레이드되어 편리합니다
528,Hyung Chan Chang,5,2021-02-17,1,다른 은행보다 보기가 너무 편하고 조작이 쉬워요
529,이해웅,4,2021-02-17,0,왜 다운로드가 안 되나요
530,cha cha,5,2021-02-17,0,너무 좋아요
531,김은지,5,2021-02-17,0,좋아요
532,권준호,5,2021-02-17,0,좋아요
533,이광현,5,2021-02-17,0,모바일로 쓰니까 편하고 좋습니다
534,임규리,5,2021-02-17,0,모바일로 쓰니까 더 좋아요
535,이지민,5,2021-02-17,0,모바일로 써서 간편해요
536,홍조숙녀,5,2021-02-17,0,좋네요
537,Andy K,5,2021-02-17,0,훌륭합니다
538,권성연,5,2021-02-17,0,조회랑 이체할 때 좋아요
539,원종혁,5,2021-02-17,0,로그인도 편하고 디자인도 멋지네요
540,송유진,5,2021-02-17,0,사용 편리합니다
541,황보구,5,2021-02-17,0,간편하고 쓰기 좋아요
542,김영복,1,2021-02-17,0,여러 번 시도했는데 왜 먹통인 건가요
543,hyowon yun,5,2021-02-15,5,편해요
544,뚜루,5,2021-02-15,0,앱이 사용하기 편리하네요 디지털 인증서로 로그인하고 이체 등이 간편합니다
545,윤현호,1,2021-02-15,0,로고만 보이고 실행이 되지 않고 종료됩니다 왜 이러는 건가요
546,Jeongmyung Lee,5,2021-02-15,0,지문등록하고 이체하니 짱 편함
547,갓과영,1,2021-02-12,0,주황색 화면과 웹 페이지를 표시할 수 없다고 뜨는데 왜 이러는 건가요 업무를 볼 수가 없네요
548,셸스파인,3,2021-02-12,0,쉬는 날 운영 시간 대단하다
549,징징이,1,2021-02-11,0,하지 마
550,김농담,2,2021-02-10,0,잘 쓰다가 갑자기 업데이트되고는 뭘 하려 해도 비밀번호 오류 건수 초과라고 입력도 안 했는데 뜨고 인증서 등록도 간편 번호 등록도 안되네요
551,Mj,5,2021-02-10,0,좋아요
552,신경희,5,2021-02-10,0,깔끔해져서 좋아요
553,사사,1,2021-02-10,0,장난하냐
554,JIN KYUNG LEE,5,2021-02-10,0,금융 인증서 다운로드 후 더욱 편리하게 사용 중입니다 한 화면에서 전 계좌 잔액 확인할 수 있어 좋고 이체도 빠르고 편리하네요
555,호그와트에서온호구,1,2021-02-10,0,어플이 초기로 고에서 전혀 넘어가질 않는데 어떻게 써요
556,강연화,5,2021-02-10,0,모바일뱅킹을 사용할 때 신속하고 편리하게 잘 됩니다
557,럭키나인,1,2021-02-10,0,입출금이 문자로 오다가 또 안 옴
558,Hyochan,1,2021-02-09,0,아니 장난해요 계좌 개설하려고 하는데 신분증 촬영이 뭐 찍어도 찍어도 안돼요
559,김재용,2,2021-02-08,3,로그인할 때 로그인 다음 로딩 중에 다음 단계로 넘어가지질 않네요;; 옙을 다시 깔아도 똑같은 증상 반복입니다 어떻게 하면 되는지
560,Junho Park,1,2021-02-08,5,별 1개도 아까운 어플 지금 어플이 비정상 종료되고 다시 키니깐 로고 화면만 나와서 고객센터 전화하니깐 모바일 껐다가 다시 키고 어플 지웠다 깔아야 한다고 함 카카오페이 이벤트만 아니었으면 쳐다도 안 볼 어플
561,박재정,3,2021-02-08,1,타은행 계좌조회를 하면 오류 발생하고 어플이 강종 됩니다 다시 들어가면 계좌조회 업데이트도 안 돼있네요
562,Je SeokHun,1,2021-02-08,0,뭐가 돼야 항의를 하는데 이건 그냥 아무것도 안됨 도대체 업데이트를 왜 이따위로 한 거죠 그냥 롤백 해요
563,김진부,5,2021-02-08,0,쓰기에 편리하네요
564,뿡뿡이,5,2021-02-06,0,어플 블랙 바탕에 세련되고 이뻤었는데 디자인 왜 다시 촌스럽게 바꿔요 잘 되던 앱도 다시 버벅거리는 이 느낌 어플 이미지 쇄신했었는데 아쉬워요
565,hakgun Shin,5,2021-02-06,0,익히고 사용하기에 쉬운 것 같아 좋습니다
566,드리간,2,2021-02-06,0,너무 무거움 타은행들 어플보다 들어가지는 속도 로그인 속도 다 느림 디자인 신경 쓸 시간에 최적화 좀 제발했으면 좋겠음
567,Hodong Kim,5,2021-02-05,5,스마트폰 바뀌어 새로 설치했네요 여전히 편리합니다 예금 만기 알림 받아 기분이 더 좋네요
568,Gyu Sun Lee,5,2021-02-05,3,좋아요
569,김준수,5,2021-02-05,0,잘 사용하고 있어요
570,Yejin Seok,5,2021-02-05,0,좋아요
571,Peter Lee,5,2021-02-05,0,Goog enough
572,전순배전순배,5,2021-02-05,0,정말 만족합니다
573,상콤,5,2021-02-05,0,좋아요
574,풍지,5,2021-02-05,0,좋아요
575,seo dongwon,5,2021-02-05,0,좋아요
576,seunghun jung,5,2021-02-05,0,좋아요
577,月榮,1,2021-02-05,19,업데이트 이후 공동 인증 서구 공인인증서로 로그인을 하려고 하면 계속 로딩 중에서 넘어가지를 않아서 앱을 지웠다가 다시 깔아도 계속 변함없이 로딩 중으로 시간만 가서 어제저녁에 메일을 보냈는데 확인도 안 하시고 아직 고쳐지지도 않고 어떻게 쓰라는 건가요
578,김소영,1,2021-02-05,1,로그인이 안 돼요 삭제 후 재설치해도 계속 로그인 회원가입 버튼 누르는 대서 무한 로딩 은행 업무 어떻게 보나요 답답해요
579,미더덕,1,2021-02-05,0,앱 가동되는데 시간 너무 걸림 처음엔 내 폰이 잘못된 줄 알았음 진짜 답답합니다 너무 느려요
580,BC A,1,2021-02-05,0,접속이 안돼요
581,DeepBlueBlack KS,1,2021-02-05,6,업데이트 후 무한 기다림 삭제 후 재설치 하니 각 단계별로 수십 초 이상 기다려야 넘어가네요 업데이트를 어떻게 하는 건지 은행 어플 들 중에 가장 심각합니다 서버가 문제라면 다행이지만
582,nedCrow,2,2021-02-05,0,VPCG_05002 에러로 로그인 불가합니다 사전 공지도 없었기에 불편합니다
583,류영미,1,2021-02-05,0,업데이트되고 나서 어플 들어가니까 엄청 느린데요 이거 왜 이러죠 휴대전화 껐다 켜도 동일 증상인데요
584,ᆞ자이언트,1,2021-02-05,0,아니 업데이트를 했음 더 잘 돼야 되는 거 아니면 들어가지질 않네 앱 담당자 잘라라
585,신정호,3,2021-02-05,0,로그인이 안 돼요
586,유경애,1,2021-02-05,0,로그인 버튼이 안 눌려요 이런 은행 사이트 첨 봐요
587,김김경훈,1,2021-02-05,0,아니 왜 로그인을 못해요 급한데 계속 안 들어가죠요
588,송슬기,1,2021-02-05,0,아 앱 업데이트하고 계속 실행 안됨 하
589,ar _,1,2021-02-05,0,로그인이또안됨하
590,이소정,1,2021-02-05,0,업데이트 이후 첫 화면에서 아무 터치가 안돼서 로그인이 안 돼요;;;
591,김sj701,1,2021-02-05,0,갑자기 잘 되다가 초기화면에서 멈추면 어쩌라는 거죠
592,박하은,1,2021-02-05,0,별 한 개도 아까움 몇 번을 삭제했다가 다시 다운로드해도 계속 로그인도 안 되고 먹통
593,이수원,1,2021-02-05,0,실행도 잘 안된다 요즘 이런 거 만드는 기술발전했는데 너네는 후진하네
594,MEG CHOI,1,2021-02-05,4,업데이트했는데 까만 화면에 로고만 뜨고 앱 진입이 안됩니다 장애 상황인가요 뱅킹 이용을 못하고 있어 이체를 못하네요 빨리 복구해주세요
595,임채형,1,2021-02-05,0,무한 로딩만 되고 실행이 안됨 이게 앱이냐
596,삡뺩,1,2021-02-05,0,앱이 실행이 안돼요
597,김태윤,1,2021-02-05,0,업데이트 이후 로그인 화면이 안 뜨고 멈춰있음
598,Jinyong Shin,1,2021-02-05,0,새로 설치하고 첫 화면에서 아무것도 터치가 안 먹는데 어떻게 하면 되나요
599,Sun. J,1,2021-02-05,1,어제저녁에 업데이트된 이후에 첫 실행 화면에서 그냥 정지됩니다 로그인할 수 있는 화면 자체가 안 나와요 왜 그렇죠
600,SH J,3,2021-02-05,0,지금 왜 접속이 안되는 거죠
601,죽은눈,1,2021-02-05,1,앱 들어가서 누르는데 안 먹혀요 로그인 버튼이나 아무 버튼 눌러도 이 앱에서만 안되네요 로그인을 못하고 있어요
602,깡씨,4,2021-02-04,0,사용이 편리합니다
603,윤명란,1,2021-02-03,0,금융 인증서 발급했는데 국민은행에서 타은행 인증서 등록하려고 하면 인증서 폐기가 되었다 하고 나오네요 국민은행에서 인증서 발급하니 제일은행도 국민은행도 금융 인증서가 폐기되었다고 나오고 채 갱신해도 둘 다 안됩니다
604,최연식,1,2021-02-03,5,회원가입하려면 모바일뱅킹에서 휴면계좌를 풀어야 하는데 모바일뱅킹에서 휴면계좌 풀려 면 회원가입을 해야 하는 저능아 같은 앱 이거 만든 사람 엄마한테 대신 만들어달라 해도 이거보단 잘 만들듯
605,CH키라도,2,2021-02-03,0,구동이 안 되는데 저만 그런 건가요
606,김세운,1,2021-02-02,0,뭐 이따위로 만들어 놨나요
607,이지윤,1,2021-02-02,0,신분증 촬영 왜 이렇게 안돼요 미치겠네 추가 확인해봤는데 구버전 운전면허증은 인식이 안되더라고요  이거 인식하려고 신분증 새로 발급했네요 다른 어플은 잘 되던데
608,동잉,3,2021-02-01,0,앱이 먹통이네요
609,윤미자,4,2021-02-01,0,네 좋아요
610,권영일,1,2021-02-01,0,아 씨 진짜 네트워크 접속 오류라고 계속 안되네요 와이파이도 아니고 짜즛나네진짜
611,히힛,2,2021-02-01,0,앱 가입해서 사용 중인데 더 이상 안 써서 정보 없애서 탈퇴하고 싶은데 어디서 해야 하나요 앱 개인 정보 뒤져도 못 찾겠어요
612,마음은콩밭,1,2021-01-29,7,비대면 외환계좌 틀려다 혈압 터지겠네 한 시간 반복하다 타행 인증서 등록 안돼 결국 못했네 뭐 이따위로 만들어놨노
613,이수민,1,2021-01-28,0,서비스 접속이 원활하지 않다면서 어제부터 접속이 안됩니다
614,조yun,1,2021-01-27,0,제일은행이 망할 수밖에 없는 이유 신한 국민 우리은행은 10초면 회원가입되는 걸  본인인증하고 나서 무슨 비밀번호 오류라고 가입 불가 비번은 본인이면 바꾸면 되는데 지문으로 인증하는 시대에 뒤떨어진 제일은행 망할 수밖에 남은 잔액 찾고 해지 
615,이시훈,1,2021-01-26,0,신분증 촬영이 잘 안됩니다
616,동백,4,2021-01-26,0,좋아요 잘 쓰고 있어요
617,박혜진,1,2021-01-25,0,앱을 누르면 로그인 화면으로 바뀌질 않아요 앱을 지우고 깔아봐도 동일합니다 갑자기 왜 이런 건가요 사용하기 너무 불편합니다
618,비오는날,1,2021-01-25,0,와 진짜 어플 업데이트 좀 해라 느려터진다 앱 눌러서 뜨는 데까지 왜 이렇게 오래 걸림 좀 고쳐주세요 속 터집니다
619,ᄋᄅᄒ,1,2021-01-25,0,진짜 욕밖에 안 나오는 어플 어떻게 이렇게 만들지
620,김원기,1,2021-01-24,10,지문 삭제 후 변경  재등록  로그인  지문 변경되었다며 다시 재등록  재등록 후 로그인  지문 변경되었다며 다시 재등록  재등록 후 로그인  지문 변경되었다며 다시 재등록 무한 반복 다른 은행 앱들은 깔끔하게 한 번에 되는데 이용을 하지 말아야지 아우 답답해서 이거 원 칼뱅이 최고네요 너무 편해서
621,HoSoo Han,4,2021-01-22,0,편리
622,주경식,1,2021-01-22,0,다운로드해 설치하려 해도 계속 대기 중이고 만 나오네요 관리 안 하는 듯
623,정희숙,1,2021-01-21,0,앱이 왜 안되는 정도가 아니네요 타은행은 잘 되는데 나만 그런 게 아니고 다른 분들도
624,박지유,1,2021-01-19,0,어플이 열리지가 않고 계속 로딩만 해요 오류 좀 고치세요 답답해서 쓰겠어요 어디
625,K나름매력,1,2021-01-19,0,장난해요 잘 되다가 갑자기 인증서를 못 찾고 등록도 안되고 뭐예요
626,Kidon Joo,1,2021-01-18,0,너무 느림 화면 멈춘 줄
627,Sooyon Kang,5,2021-01-18,1,아주 편하게 사용하고 있습니다
628,amy kang,1,2021-01-15,8,아니 요즘 왜 이렇게 열리지가 않아요 어에 홈 화면 자체가 안 뜨니까 뭘 할 수가 없어요 지우고 다시 깔아봐도 하루 만에 또 그러고 아니 귀찮아죽겠어요 에러 좀 고치세요 빨리
629,김성원,5,2021-01-13,0,제가 계좌를 먼저 만들고 앱을 다운로드했는데 로그인을 어떻게 해야 될까요
630,subin han,1,2021-01-13,2,입출금 알림이 계속 오지 않아요 앱에 들어가서 확인해보니 계좌 설정도 되어있고 앱도 최신 버전인데 왜 이렇죠
631,채쿠,1,2021-01-06,0,로그인하려고 otp 재발급 시도했으나 되지도 않음 무슨 특별한 이유도 없이 가이드라인만 확인하라고 나오는데 해당하는 사항이 없음에도 안되는 데 당최 이해가 안 감
632,oo ho,1,2021-01-04,0,계속 오류 떠서 다시 앱 삭제 후 지우고 다시 설치해도 로그인 오류에요 버퍼링만 되고 안돼요
633,정기완,1,2021-01-04,1,최근 들어 오류가 계속 나더니 이제는 접속조차 되지 않습니다 빨리 조치를 취해줘야지 사용하지 말라는 겁니까 메인 은행 옮기고 싶어지네요
634,윤삽살,1,2021-01-03,5,서버 접속이 원활하지 않다며 maf9003 오류가 어제부터 뜨는데 아직도 안돼서 어제오늘 전산업무 자체를 못 보고 있네요  어플을 이런 식으로 운영하면 어떡하란 겁니까 주력은행인데 이런 식이면 주력은행 바꿔야 하나 싶네요 관리 좀 제대로 해주세요
